DATE,TAVG,TMAX,TMIN,WDFG,WSFG,PRCP,SNOW,PRDICTT
20160101,-2.3,-0.3,-4.2,25,46,0.8,8,-2
20160102,-2,0.3,-4.3,23,44,0,0,-5
20160103,-5,1.6,-11.6,34,54,0,0,-13.3
20160104,-13.3,-11.2,-15.4,2,37,0,0,-8.9
20160105,-8.9,-2.6,-15.2,23,32,0,0,-2.2
20160106,-2.2,2.4,-6.8,23,32,0,0,-0.5
20160107,-0.5,4.4,-5.3,0,0,0,0,-0.8
20160108,-0.8,4.1,-5.6,0,0,2.8,0,5.7
20160109,5.7,8.6,2.8,0,0,2,0,0.2
20160110,0.2,6.8,-6.5,28,85,18.4,2,-8.2
20160111,-8.2,-5.9,-10.5,27,65,0.2,0,-5.8
20160112,-5.8,-1.9,-9.7,28,65,4.4,50,-8.8
20160113,-8.8,-7,-10.5,28,50,0.4,4,-5.3
20160114,-5.3,-2.1,-8.5,25,41,0.2,2,0.6
20160115,0.6,4.2,-3,10,32,1.8,0,-0.5
20160116,-0.5,3.5,-4.4,30,63,0.8,0,-5.3
20160117,-5.3,0.1,-10.6,26,46,0,0,-9.8
20160118,-9.8,-7.8,-11.8,30,52,2.2,24,-9.2
20160119,-9.2,-3.9,-14.5,31,67,0,0,-6
20160120,-6,-3.9,-8.1,29,35,0,0,-6.9
20160121,-6.9,-3.8,-10,0,0,0.4,6,-7.3
20160122,-7.3,-2.2,-12.4,0,0,0,0,-7.5
20160123,-7.5,-3.7,-11.2,36,32,0,0,-5.9
20160124,-5.9,-0.8,-11,0,0,0,0,1.4
20160125,1.4,4,-1.3,20,35,0,0,3.5
20160126,3.5,6.6,0.4,24,70,0.2,0,-1.1
20160127,-1.1,1,-3.2,22,57,0.2,2,-0.1
20160128,-0.1,1.6,-1.8,21,54,1,8,-5.5
20160129,-5.5,-0.3,-10.7,28,50,0,0,-1.3
20160130,-1.3,5.9,-8.4,24,46,0,0,5.7
20160131,5.7,10.6,0.7,23,52,2.6,0,4.1
20160201,4.1,8.8,-0.6,29,50,0,0,0
20160202,0,2.8,-2.8,10,56,3.6,0,8.9
20160203,8.9,16,1.7,25,72,2.8,0,1.1
20160204,1.1,4,-1.8,27,44,0,0,-0.2
20160205,-0.2,2.8,-3.2,23,33,0,0,1.1
20160206,1.1,4.3,-2.1,26,52,0,0,1.8
20160207,1.8,6.1,-2.5,15,33,0,0,1.7
20160208,1.7,5.2,-1.8,9,44,1,10,-0.9
20160209,-0.9,1.4,-3.1,9,46,1.2,18,-6.7
20160210,-6.7,-1.1,-12.2,30,43,1,10,-13.2
20160211,-13.2,-9.6,-16.7,30,54,0,0,-10
20160212,-10,-4.1,-15.9,27,57,0.8,10,-21.2
20160213,-21.2,-16,-26.3,32,63,0,0,-17.4
20160214,-17.4,-10.7,-24,0,0,0,0,-6.2
20160215,-6.2,-1,-11.4,16,32,0.4,2,-1.1
20160216,-1.1,-0.4,-1.7,31,39,7,70,-6.2
20160217,-6.2,-1.2,-11.1,31,50,0.8,8,-9.7
20160218,-9.7,-4.5,-14.9,0,0,0,0,2.2
20160219,2.2,9.4,-5,26,61,-99999,0,7.6
20160220,7.6,12.5,2.6,26,67,0,0,1.9
20160221,1.9,5.9,-2.2,36,41,0,0,-2.3
20160222,-2.3,0.6,-5.2,35,37,-99999,0,-1
20160223,-1,1.9,-3.8,0,0,0,0,0.5
20160224,0.5,2.1,-1.2,6,52,24,30,-2.6
20160225,-2.6,0.8,-5.9,35,74,2.6,20,-7
20160226,-7,-3.3,-10.6,32,52,0,0,-0.8
20160227,-0.8,4.5,-6.1,22,63,0,0,7.9
20160228,7.9,14,1.7,23,72,0,0,1.3
20160229,1.3,10.2,-7.6,29,104,0.4,0,-9.2
20160301,-9.2,-7.4,-10.9,33,57,9.6,94,-7.8
20160302,-7.8,-4.6,-10.9,32,52,0.4,4,-6.8
20160303,-6.8,-4,-9.6,0,0,0.6,12,-3
20160304,-3,-0.1,-5.9,0,0,0.2,2,-3
20160305,-3,-0.2,-5.7,0,0,0,0,-2.8
20160306,-2.8,3.2,-8.7,21,37,0,0,6.2
20160307,6.2,11.6,0.7,26,43,0,0,7.3
20160308,7.3,11.6,3,0,0,0,0,12.5
20160309,12.5,20.4,4.6,24,50,0,0,8.1
20160310,8.1,13.3,2.9,35,39,4.4,0,5.3
20160311,5.3,9.1,1.5,33,41,0,0,7.9
20160312,7.9,17.1,-1.4,25,41,0,0,6.2
20160313,6.2,8.7,3.6,11,52,0,0,6.3
20160314,6.3,9.2,3.3,10,41,11,0,7.6
20160315,7.6,10,5.2,35,32,5.8,0,9.4
20160316,9.4,14.2,4.5,23,96,1.8,0,6.9
20160317,6.9,10.7,3,25,67,0.6,0,1.3
20160318,1.3,5.9,-3.4,33,48,0,0,-1.8
20160319,-1.8,2.2,-5.7,2,32,0,0,-1.7
20160320,-1.7,3,-6.3,0,0,0,0,0.1
20160321,0.1,4,-3.8,32,61,0,0,1.1
20160322,1.1,6.3,-4.1,0,0,2,0,1.8
20160323,1.8,4.3,-0.7,9,35,1,4,-1
20160324,-1,0.1,-2,9,46,15,14,-0.4
20160325,-0.4,1.3,-2,31,52,0,0,1.1
20160326,1.1,5.6,-3.5,0,0,0,0,5.1
20160327,5.1,12.1,-2,0,0,0,0,5.6
20160328,5.6,9.4,1.7,32,82,7.8,0,3.1
20160329,3.1,7.5,-1.3,33,48,0,0,4.2
20160330,4.2,9.9,-1.5,16,32,0,0,12.3
20160331,12.3,16.5,8.1,21,61,19.8,0,7.7
20160401,7.7,12.6,2.8,26,52,0,0,0.5
20160402,0.5,4.6,-3.6,32,69,0.8,8,-4.2
20160403,-4.2,-1.2,-7.2,28,69,9,100,-4.7
20160404,-4.7,-2.2,-7.1,4,46,3.6,38,-4.1
20160405,-4.1,0.9,-9,25,32,0,0,1.9
20160406,1.9,6.7,-2.9,12,46,9.4,31,3.1
20160407,3.1,7.6,-1.4,24,54,0.6,0,0.1
20160408,0.1,4.1,-4,29,59,0,0,-3.8
20160409,-3.8,-0.7,-6.8,32,56,0,0,-3.4
20160410,-3.4,0.7,-7.5,14,33,8,26,5.6
20160411,5.6,11.3,-0.1,34,48,3,0,2.7
20160412,2.7,7.3,-1.9,32,56,0,0,1.5
20160413,1.5,6.6,-3.6,0,0,0,0,3.5
20160414,3.5,9.9,-3,11,39,0,0,7.2
20160415,7.2,14.6,-0.2,12,32,0,0,11
20160416,11,17.6,4.3,0,0,0,0,12.5
20160417,12.5,21.2,3.7,0,0,0,0,16.3
20160418,16.3,25.5,7.1,35,52,0,0,11
20160419,11,16.2,5.7,36,48,0,0,8.8
20160420,8.8,15.1,2.5,0,0,0,0,9.9
20160421,9.9,14.6,5.2,0,0,1.2,0,12.1
20160422,12.1,18.4,5.7,34,52,1.2,0,7.4
20160423,7.4,12.8,1.9,32,44,0,0,6.2
20160424,6.2,11,1.3,0,0,0,0,6.1
20160425,6.1,8.7,3.5,10,37,10.8,0,4
20160426,4,6.2,1.7,9,41,12.2,0,5.7
20160427,5.7,11.3,0.1,35,41,0,0,4.6
20160428,4.6,9,0.2,11,35,0,0,7.8
20160429,7.8,11.1,4.4,8,32,0,0,8.2
20160430,8.2,14.5,1.9,11,33,0,0,8.6
20160501,8.6,10.3,6.9,3,32,6,0,9.5
20160502,9.5,12.9,6,2,37,1,0,8.9
20160503,8.9,13.2,4.6,0,0,0,0,10.9
20160504,10.9,16.1,5.6,0,0,0,0,11.8
20160505,11.8,16.5,7.1,35,41,0.4,0,14.7
20160506,14.7,21.1,8.2,35,37,0,0,11.9
20160507,11.9,16.9,6.8,34,59,0,0,9.7
20160508,9.7,15.1,4.3,29,59,1.6,0,8.7
20160509,8.7,15.5,1.9,1,39,0,0,9.7
20160510,9.7,16.5,2.8,9,33,0,0,11.2
20160511,11.2,18.5,3.8,8,33,0,0,13.7
20160512,13.7,21.3,6.1,0,0,7.2,0,16.5
20160513,16.5,20.5,12.5,28,56,8.2,0,8.1
20160514,8.1,14,2.2,30,61,5.2,0,4.9
20160515,4.9,7.8,1.9,29,72,0.6,0,9.3
20160516,9.3,18.5,0.1,30,65,2.2,0,10.3
20160517,10.3,15.6,5,36,33,0,0,10.2
20160518,10.2,16.4,4,0,0,0,0,14.5
20160519,14.5,20.1,8.8,0,0,0,0,15.2
20160520,15.2,22.1,8.2,0,0,0,0,17.6
20160521,17.6,22.9,12.2,15,32,0,0,17.6
20160522,17.6,22.6,12.5,33,39,0,0,18.3
20160523,18.3,25.5,11.1,35,35,0,0,20.8
20160524,20.8,29.5,12.1,29,35,0,0,22.6
20160525,22.6,29.6,15.6,26,56,0,0,20.7
20160526,20.7,24.5,16.9,0,0,1.8,0,23.2
20160527,23.2,30.1,16.3,17,35,0,0,25.3
20160528,25.3,31.5,19,0,0,0,0,25.8
20160529,25.8,31.1,20.4,24,44,0,0,22.3
20160530,22.3,27.8,16.8,27,48,0,0,19.9
20160531,19.9,27,12.8,33,52,0,0,16.2
20160601,16.2,20.1,12.3,11,32,0,0,23.3
20160602,23.3,30.2,16.4,29,54,0.2,0,20.3
20160603,20.3,25.6,14.9,36,33,0,0,20.3
20160604,20.3,26.1,14.4,16,33,5.4,0,20.6
20160605,20.6,24.7,16.5,27,52,5.8,0,20.3
20160606,20.3,25.7,14.8,32,87,1.2,0,15.3
20160607,15.3,20.2,10.4,30,61,0,0,10.9
20160608,10.9,14.3,7.4,31,56,0,0,14.3
20160609,14.3,20.8,7.7,33,50,0,0,15.7
20160610,15.7,23.1,8.3,2,33,0,0,21.9
20160611,21.9,30.6,13.2,32,65,7.4,0,16.9
20160612,16.9,20.7,13.1,34,65,0,0,15.6
20160613,15.6,20.2,11,35,48,0,0,15
20160614,15,21.2,8.7,0,0,0,0,17.9
20160615,17.9,24.9,10.9,0,0,0.2,0,21.6
20160616,21.6,26.8,16.3,7,52,0,0,22.3
20160617,22.3,29.4,15.2,35,32,0,0,24.3
20160618,24.3,32.1,16.5,15,32,0,0,26
20160619,26,33.6,18.4,24,44,0,0,26.5
20160620,26.5,34.6,18.3,26,72,0.2,0,20.4
20160621,20.4,26.9,13.9,28,50,0,0,20.7
20160622,20.7,26,15.4,32,52,0,0,18.2
20160623,18.2,24.6,11.8,0,0,0,0,20.8
20160624,20.8,27.2,14.3,12,32,0,0,22.5
20160625,22.5,29,16,0,0,0,0,25.7
20160626,25.7,33.5,17.8,22,50,6,0,26.6
20160627,26.6,32.9,20.3,29,59,0,0,19.1
20160628,19.1,22.9,15.2,35,43,0,0,20.4
20160629,20.4,26.7,14.1,35,46,0,0,19.9
20160630,19.9,27.1,12.6,16,46,0,0,18.3
20160701,18.3,23.3,13.3,31,57,5.6,0,19.4
20160702,19.4,26.4,12.3,30,57,0,0,21
20160703,21,28.3,13.7,32,46,0,0,21.8
20160704,21.8,28.9,14.7,0,0,0,0,26.1
20160705,26.1,32.6,19.5,27,50,0,0,25.6
20160706,25.6,32,19.2,17,39,0.2,0,26.6
20160707,26.6,31.8,21.3,2,41,0.6,0,24.5
20160708,24.5,28.6,20.4,0,0,1,0,22.8
20160709,22.8,27,18.5,32,65,6,0,22.8
20160710,22.8,28.7,16.8,1,43,0,0,22.4
20160711,22.4,27.1,17.6,0,0,0,0,25.6
20160712,25.6,31.2,19.9,15,35,0,0,28.6
20160713,28.6,36,21.2,26,80,4.8,0,25.7
20160714,25.7,31,20.3,24,61,6.6,0,21.7
20160715,21.7,27.3,16.1,27,59,1.2,0,18.8
20160716,18.8,22.8,14.7,1,35,0,0,20.1
20160717,20.1,26.1,14,23,37,0,0,23.8
20160718,23.8,30.2,17.3,32,61,0,0,19.6
20160719,19.6,25.7,13.5,31,46,0,0,21.1
20160720,21.1,27.6,14.6,15,30,0,0,26.2
20160721,26.2,33.7,18.7,25,54,0,0,29
20160722,29,35.2,22.8,28,54,0,0,28.1
20160723,28.1,34.1,22,33,44,0,0,23.8
20160724,23.8,27.4,20.1,0,0,0,0,26.5
20160725,26.5,31.9,21.1,31,44,9,0,23.9
20160726,23.9,30.5,17.2,32,35,0,0,26.1
20160727,26.1,34,18.2,2,54,0,0,25.4
20160728,25.4,30,20.8,36,37,0.6,0,23.9
20160729,23.9,28.3,19.5,2,32,3.8,0,22.6
20160730,22.6,26.6,18.5,9,39,0.4,0,23.1
20160731,23.1,25.3,20.9,11,32,0,0,23.5
20160801,23.5,27.6,19.3,3,35,6.8,0,23.9
20160802,23.9,28.8,19,0,0,0,0,24
20160803,24,29.3,18.6,0,0,0,0,26.1
20160804,26.1,32.4,19.7,15,32,0,0,27.8
20160805,27.8,33.6,22,24,69,0,0,24.3
20160806,24.3,29.8,18.7,27,43,0,0,23.2
20160807,23.2,28.8,17.5,30,44,0,0,22.3
20160808,22.3,28.2,16.4,16,32,0,0,24.5
20160809,24.5,31.8,17.1,13,35,0,0,28.8
20160810,28.8,35.6,21.9,25,44,0,0,27.8
20160811,27.8,33.6,21.9,18,33,0,0,30.5
20160812,30.5,35.9,25,28,50,0.2,0,26.4
20160813,26.4,30.4,22.4,29,63,28,0,24.3
20160814,24.3,29.3,19.2,27,41,0,0,22.3
20160815,22.3,26.6,17.9,0,0,0,0,24
20160816,24,29.7,18.3,25,78,12.2,0,21.7
20160817,21.7,27.5,15.9,14,32,0,0,24.1
20160818,24.1,28.8,19.4,0,0,0,0,24.3
20160819,24.3,29.8,18.7,14,37,0,0,26
20160820,26,31,20.9,17,39,2.8,0,21.8
20160821,21.8,27,16.6,28,63,1.4,0,18.9
20160822,18.9,24.6,13.1,28,43,0,0,22.1
20160823,22.1,29,15.2,25,43,0,0,23.8
20160824,23.8,30.5,17.1,22,43,0.8,0,26.1
20160825,26.1,30.6,21.5,26,43,14.6,0,24.2
20160826,24.2,29.5,18.8,26,43,0,0,21.5
20160827,21.5,26.6,16.3,0,0,0,0,25.2
20160828,25.2,30.7,19.6,28,44,0,0,22.8
20160829,22.8,27.6,17.9,35,32,0,0,23.8
20160830,23.8,30.4,17.2,10,48,0,0,23.4
20160831,23.4,29.4,17.4,0,46,0,0,19.4
20160901,19.4,23.1,15.7,1,43,0,0,18.5
20160902,18.5,23.9,13.1,1,35,0,0,18.2
20160903,18.2,23.7,12.7,0,0,0,0,18.7
20160904,18.7,24.8,12.6,0,0,0,0,21.9
20160905,21.9,29.3,14.4,0,0,0,0,25.4
20160906,25.4,31.1,19.7,0,0,0,0,28.5
20160907,28.5,35,22,22,72,32.8,0,25.6
20160908,25.6,29.8,21.4,24,46,2.8,0,24.3
20160909,24.3,28.9,19.6,0,0,0,0,24.2
20160910,24.2,29.4,18.9,22,57,2.4,0,18.8
20160911,18.8,23.2,14.3,31,54,0,0,18.1
20160912,18.1,24.6,11.6,24,30,0,0,21.3
20160913,21.3,28.1,14.5,24,44,0,0,17.2
20160914,17.2,22.1,12.3,33,44,0,0,15.4
20160915,15.4,19.7,11.1,0,0,0,0,17.3
20160916,17.3,23.7,10.9,0,0,0,0,20.7
20160917,20.7,22.7,18.7,19,41,7,0,22
20160918,22,26.8,17.2,24,39,0,0,21.1
20160919,21.1,26.6,15.5,0,0,0,0,21.6
20160920,21.6,28.5,14.7,31,44,0,0,20.9
20160921,20.9,27.5,14.2,0,0,0,0,22.2
20160922,22.2,29.9,14.4,0,0,0,0,16.4
20160923,16.4,21.8,10.9,1,37,1,0,13.8
20160924,13.8,19.4,8.2,3,32,0,0,12.9
20160925,12.9,17.8,7.9,0,0,0,0,14.8
20160926,14.8,18.2,11.4,26,52,12.2,0,15.5
20160927,15.5,21.9,9,23,54,0,0,17.4
20160928,17.4,22.1,12.7,9,50,0,0,15.2
20160929,15.2,17.1,13.3,8,56,7.8,0,16.2
20160930,16.2,19.1,13.2,10,57,0.4,0,14.4
20161001,14.4,15.9,12.9,11,39,1.4,0,16.3
20161002,16.3,18.9,13.6,0,0,6.6,0,16
20161003,16,18.6,13.4,35,30,0,0,17.3
20161004,17.3,19.9,14.7,13,32,0,0,17.1
20161005,17.1,20.2,14,0,0,0,0,19.4
20161006,19.4,23.2,15.5,0,0,0,0,17.5
20161007,17.5,21.9,13,14,33,0,0,12.9
20161008,12.9,18.3,7.5,28,48,4.6,0,8.6
20161009,8.6,12.8,4.4,32,48,0,0,7.9
20161010,7.9,13.6,2.1,0,0,0,0,10
20161011,10,16.7,3.2,0,0,0,0,16.3
20161012,16.3,22.4,10.2,21,48,0,0,12.1
20161013,12.1,19.9,4.2,22,57,0,0,9.5
20161014,9.5,14.7,4.2,0,0,0,0,13.2
20161015,13.2,19.2,7.1,14,30,0,0,19.1
20161016,19.1,20.9,17.2,25,37,1.6,0,18.8
20161017,18.8,21.7,15.9,0,0,0,0,18.8
20161018,18.8,25.6,11.9,24,65,0.4,0,15.7
20161019,15.7,21.3,10,0,0,0,0,13.3
20161020,13.3,15.3,11.2,0,0,9.4,0,8.1
20161021,8.1,11.4,4.7,35,52,5.6,0,6.1
20161022,6.1,8.8,3.4,29,65,0,0,9.1
20161023,9.1,15.1,3,26,41,0,0,7.6
20161024,7.6,10.4,4.7,29,57,0,0,5.8
20161025,5.8,8,3.5,34,48,0,0,2.6
20161026,2.6,5.2,-0.1,12,46,1.4,0,3
20161027,3,5.3,0.7,9,52,8.2,1,5.4
20161028,5.4,10.6,0.2,0,0,0,0,15.1
20161029,15.1,19.7,10.5,28,54,0,0,6.4
20161030,6.4,11.4,1.3,33,41,1.4,0,4.5
20161031,4.5,8.9,0.1,0,0,0,0,11.8
20161101,11.8,17.8,5.8,0,0,0,0,15.1
20161102,15.1,18.2,11.9,0,0,5.2,0,10.2
20161103,10.2,14.3,6.1,36,41,22.4,0,7.8
20161104,7.8,12,3.6,27,44,0,0,11.6
20161105,11.6,15.9,7.2,27,44,0,0,9
20161106,9,13.3,4.6,0,0,0,0,8.2
20161107,8.2,15.1,1.3,0,0,0,0,11
20161108,11,16.5,5.4,32,35,2,0,5.8
20161109,5.8,11.1,0.5,35,59,0,0,8.7
20161110,8.7,16.8,0.5,25,56,0,0,6.2
20161111,6.2,12,0.3,34,61,0,0,3.5
20161112,3.5,9.8,-2.9,25,50,0,0,6.7
20161113,6.7,12.6,0.7,23,44,0,0,8.6
20161114,8.6,14.1,3,24,32,0,0,7.2
20161115,7.2,13,1.4,0,0,0,0,7.6
20161116,7.6,12,3.1,31,43,0.4,0,6.7
20161117,6.7,11.7,1.7,0,0,0,0,10.8
20161118,10.8,16.5,5.1,0,0,0,0,7.3
20161119,7.3,14.8,-0.2,24,48,4.8,0,-0.2
20161120,-0.2,2.4,-2.7,30,76,0.6,6,-0.5
20161121,-0.5,1.9,-2.8,30,76,0,0,-1.1
20161122,-1.1,2.6,-4.8,29,52,0,0,-1.1
20161123,-1.1,1.3,-3.4,10,32,1.6,4,2.5
20161124,2.5,3.8,1.2,6,35,3.8,0,5.4
20161125,5.4,7.3,3.5,25,37,0.6,0,4.4
20161126,4.4,6.4,2.3,29,30,2.4,0,4.4
20161127,4.4,7.8,0.9,0,0,0,0,5.4
20161128,5.4,8.1,2.7,10,39,1.6,0,10.3
20161129,10.3,14.6,6,24,39,2.4,0,8.9
20161130,8.9,11.5,6.3,26,33,7.4,0,5.9
20161201,5.9,7.8,4,26,56,0,0,3.8
20161202,3.8,5.7,1.9,26,61,0,0,3.1
20161203,3.1,6,0.1,30,52,0,0,1.6
20161204,1.6,2.8,0.3,11,39,0.6,12,3.1
20161205,3.1,5.8,0.3,26,54,3,1,2.2
20161206,2.2,5.4,-1.1,11,48,4.6,1,1.1
20161207,1.1,3.3,-1.1,26,50,0,0,-2.2
20161208,-2.2,0,-4.4,25,59,0.6,8,-4.1
20161209,-4.1,-0.9,-7.2,28,48,0,0,-4.3
20161210,-4.3,-1.4,-7.1,27,54,0.2,2,-3.7
20161211,-3.7,-0.1,-7.2,14,35,14.6,138,-0.2
20161212,-0.2,2.4,-2.7,28,63,3.4,28,-4
20161213,-4,-1.3,-6.6,27,54,0,0,-7.9
20161214,-7.9,-5.1,-10.6,25,67,0.4,4,-10.4
20161215,-10.4,-7.9,-12.9,27,82,4,40,-8.5
20161216,-8.5,-5.7,-11.3,26,43,3,30,-3.3
20161217,-3.3,-0.3,-6.3,16,32,7.4,60,-7.5
20161218,-7.5,-1.1,-13.8,30,59,0.8,2,-10.3
20161219,-10.3,-7.6,-12.9,22,33,0,0,-4.9
20161220,-4.9,0.3,-10.1,22,67,0,0,-4.4
20161221,-4.4,-0.6,-8.1,22,32,1.4,14,1.3
20161222,1.3,3.3,-0.7,31,43,0,0,0
20161223,0,2.6,-2.6,23,43,0,0,2.1
20161224,2.1,3.3,0.9,28,37,5.4,1,-0.2
20161225,-0.2,2.6,-2.9,11,43,0,0,3.1
20161226,3.1,9.7,-3.6,25,63,19.8,0,1.8
20161227,1.8,6.7,-3.1,26,70,0,0,-1.6
20161228,-1.6,0.6,-3.7,26,43,0,0,0.2
20161229,0.2,1.9,-1.6,28,44,6,60,-1.9
20161230,-1.9,-0.1,-3.6,29,46,0.4,4,0.1
20161231,0.1,3.7,-3.5,23,56,1.8,10,-0.4
20170101,-0.4,1.8,-2.5,27,50,0,0,0.4
20170102,0.4,4.8,-4.1,10,35,0,0,3.1
20170103,3.1,4.4,1.7,0,0,15.8,0,-2.5
20170104,-2.5,3.5,-8.5,27,80,0.2,1,-9.2
20170105,-9.2,-6.5,-11.9,25,56,0,0,-10.4
20170106,-10.4,-7.3,-13.4,26,43,0,0,-10.9
20170107,-10.9,-7.6,-14.2,28,41,0,0,-11.2
20170108,-11.2,-9,-13.4,25,50,0,0,-6.1
20170109,-6.1,-2.7,-9.5,25,57,0,0,2.4
20170110,2.4,7.8,-3.1,23,74,19,72,4.1
20170111,4.1,7.3,0.8,25,102,6.2,0,3.3
20170112,3.3,8.9,-2.3,26,46,10.2,0,-5.2
20170113,-5.2,-1.6,-8.8,29,56,0,0,-6.2
20170114,-6.2,-3.3,-9.1,0,0,0,0,-3.7
20170115,-3.7,-0.1,-7.2,0,0,0,0,-1.9
20170116,-1.9,2.6,-6.3,26,32,0,0,0.7
20170117,0.7,1.7,-0.3,9,44,12.2,0,2
20170118,2,3.3,0.7,23,33,0.4,0,1.9
20170119,1.9,2.9,0.9,0,0,0,0,2.2
20170120,2.2,3.7,0.7,0,0,0.2,0,4.2
20170121,4.2,6.3,2,0,0,0,0,3.6
20170122,3.6,5.4,1.8,9,39,0,0,2.2
20170123,2.2,3.9,0.5,9,41,0,0,0.4
20170124,0.4,1.4,-0.7,30,37,0,0,2.2
20170125,2.2,4.9,-0.6,24,30,1,1,2.1
20170126,2.1,4,0.2,29,56,1.8,1,0.1
20170127,0.1,1.8,-1.6,28,56,0,0,-1.7
20170128,-1.7,-0.9,-2.5,25,44,0.4,6,-4.5
20170129,-4.5,-1.8,-7.1,29,50,0,0,-7.8
20170130,-7.8,-4.6,-10.9,32,33,0,0,-4.1
20170131,-4.1,-2.1,-6,10,35,2.4,24,-1.2
20170201,-1.2,2.3,-4.6,28,48,0.4,4,-5
20170202,-5,-2.9,-7,28,63,0,0,-7.1
20170203,-7.1,-4.9,-9.2,26,54,0,0,-5.7
20170204,-5.7,-2.4,-8.9,24,44,0,0,-1.5
20170205,-1.5,0.4,-3.3,29,56,0.8,8,-2.2
20170206,-2.2,1.7,-6.1,0,0,0,0,1.4
20170207,1.4,4.2,-1.5,27,52,15.4,0,-2.1
20170208,-2.1,3.7,-7.9,28,69,0,0,-8.2
20170209,-8.2,-4.4,-12,28,50,0,0,-5
20170210,-5,-2,-8,25,52,3.8,38,-0.1
20170211,-0.1,3.7,-3.9,10,32,0,0,-1.5
20170212,-1.5,1.8,-4.7,30,78,14.2,156,-3.8
20170213,-3.8,-1.3,-6.3,30,72,0,0,-1.5
20170214,-1.5,4.4,-7.4,25,43,0,0,-2.2
20170215,-2.2,1.7,-6.1,28,63,0,0,-6.5
20170216,-6.5,-3.3,-9.7,32,44,0,0,-3.2
20170217,-3.2,0.3,-6.7,0,0,0,0,4.2
20170218,4.2,11.9,-3.5,26,65,0,0,6.6
20170219,6.6,11.5,1.6,29,46,0,0,2.3
20170220,2.3,5.1,-0.6,11,35,0,0,3.1
20170221,3.1,5.6,0.6,11,37,1.4,0,5.6
20170222,5.6,8.1,3.1,0,0,0,0,10.9
20170223,10.9,17.7,4.1,26,57,0,0,4.2
20170224,4.2,5.3,3,10,37,6.8,0,2.5
20170225,2.5,8.4,-3.4,26,69,11.8,2,-0.7
20170226,-0.7,2.8,-4.2,28,44,0,0,-9.6
20170304,-9.6,-6.8,-12.3,2,46,0,0,-7.1
20170305,-7.1,-1.8,-12.4,10,43,0,0,2.2
20170306,2.2,6.4,-2,0,0,0.4,0,9.2
20170307,9.2,13.3,5,0,0,-99999,-99999,5.4
20170308,5.4,9.9,0.9,25,89,0,0,0.4
20170309,0.4,2.7,-2,29,69,0,0,-5.8
20170310,-5.8,-1.4,-10.2,28,82,0,0,-9.6
20170311,-9.6,-5.9,-13.3,30,74,0,0,-8.9
20170312,-8.9,-4.4,-13.4,28,46,0,0,-8.8
20170313,-8.8,-6.1,-11.4,4,35,1.8,18,-9.7
20170314,-9.7,-7.8,-11.5,35,70,1.4,14,-6.2
20170315,-6.2,-2.5,-9.9,32,78,0.8,12,-2.7
20170316,-2.7,2,-7.4,28,56,0,0,-0.8
20170317,-0.8,5.8,-7.3,16,33,0,0,1.1
20170318,1.1,2.5,-0.4,7,33,1,4,3.3
20170319,3.3,7.2,-0.7,0,0,0,0,2.7
20170320,2.7,6.6,-1.3,22,32,0,0,3.9
20170321,3.9,12,-4.2,30,69,0,0,-5.3
20170322,-5.3,-1.8,-8.8,34,59,0,0,-3
20170323,-3,2.8,-8.7,12,32,0,0,8
20170324,8,15.3,0.6,36,46,7.6,0,2.5
20170325,2.5,3.9,1.1,9,43,7.8,0,3.2
20170326,3.2,5.9,0.5,10,46,3,0,11.1
20170327,11.1,16.3,5.9,26,39,2.2,0,5.9
20170328,5.9,9.8,2,33,41,0,0,5.5
20170329,5.5,10.6,0.4,20,41,0,0,1.9
20170330,1.9,3.5,0.2,7,63,11.6,18,2.6
20170331,2.6,3.9,1.3,10,54,10,0,6.2
20170401,6.2,11,1.4,33,43,0,0,8.8
20170402,8.8,15.9,1.7,25,54,0,0,9
20170403,9,12,5.9,11,57,6,0,8.3
20170404,8.3,12,4.5,26,63,11.8,0,7
20170405,7,9.5,4.5,7,54,0.2,0,4.1
20170406,4.1,7.4,0.8,33,57,28.2,4,2.4
20170407,2.4,5.3,-0.6,33,78,1.6,16,6.5
20170408,6.5,13.2,-0.2,25,46,0,0,12.2
20170409,12.2,20.3,4,19,37,0,0,16.7
20170410,16.7,23.2,10.2,24,85,4,0,14.2
20170411,14.2,20.2,8.1,26,59,1.8,0,4.7
20170412,4.7,8.1,1.3,27,59,0,0,7.6
20170413,7.6,13.9,1.2,4,32,0,0,9.1
20170414,9.1,14.9,3.2,0,0,0,0,11.8
20170415,11.8,20.1,3.5,23,33,5.6,0,16.3
20170416,16.3,22.4,10.1,26,78,2.6,0,6.5
20170417,6.5,12.2,0.8,34,44,0,0,4.7
20170418,4.7,9.5,-0.2,14,33,0,0,14
20170419,14,21.9,6,32,48,0.6,0,6.5
20170420,6.5,8.3,4.6,11,52,25,0,9.1
20170421,9.1,12.3,5.8,27,54,0,0,8.8
20170422,8.8,13.4,4.1,1,50,0,0,11.3
20170423,11.3,20.3,2.3,32,43,0,0,9.2
20170424,9.2,12.8,5.6,9,39,0,0,8.3
20170425,8.3,10.9,5.7,9,43,4,0,12.4
20170426,12.4,16.7,8.1,0,0,0,0,17.2
20170427,17.2,25.7,8.7,24,56,5.4,0,13.5
20170428,13.5,19,7.9,24,46,0,0,10.4
20170429,10.4,14.6,6.1,35,54,0,0,5.7
20170430,5.7,7.9,3.5,11,50,14,0,10.1
20170501,10.1,15.2,5,23,43,19.2,0,8.6
20170502,8.6,11,6.1,25,74,1.2,0,9.5
20170503,9.5,14.7,4.2,30,54,0,0,7.5
20170504,7.5,10.5,4.5,8,46,20.2,0,7.9
20170505,7.9,9.7,6.1,1,52,22.2,0,6.1
20170506,6.1,7.4,4.7,32,57,1.2,0,7
20170507,7,10.6,3.4,35,59,0.4,0,6.8
20170508,6.8,11.6,2,28,61,0,0,6.7
20170509,6.7,11.2,2.2,19,33,0,0,7.7
20170510,7.7,11.2,4.1,0,0,0,0,10.4
20170511,10.4,14.2,6.6,9,39,0,0,10.4
20170512,10.4,15.1,5.6,0,0,0,0,12.3
20170513,12.3,16.5,8.1,0,0,1,0,11.9
20170514,11.9,17.6,6.1,28,67,1.4,0,13.1
20170515,13.1,19.9,6.3,33,50,0,0,12
20170516,12,15.9,8,13,30,0.8,0,19.6
20170517,19.6,29.8,9.4,22,69,0,0,23.4
20170518,23.4,30.1,16.7,22,76,2,0,12.9
20170519,12.9,17.2,8.5,34,46,0,0,11.7
20170520,11.7,16,7.4,11,50,0,0,11.8
20170521,11.8,13.4,10.2,9,43,11.8,0,13.8
20170522,13.8,18,9.5,28,46,0,0,16
20170523,16,22.7,9.2,26,35,0.4,0,18.1
20170524,18.1,23,13.1,9,41,0.8,0,13.2
20170525,13.2,15.6,10.8,10,56,44.6,0,15.2
20170526,15.2,18.2,12.1,34,32,3.8,0,15.5
20170527,15.5,19.3,11.7,0,0,0,0,16
20170528,16,21.4,10.5,9,33,0,0,19.9
20170529,19.9,25.6,14.1,30,50,1.4,0,17.8
20170530,17.8,23.7,11.9,30,78,10.2,0,17.1
20170531,17.1,22.9,11.2,24,57,0,0,13.6
20170601,13.6,18.3,8.8,29,54,0,0,14.9
20170602,14.9,21.1,8.7,34,48,0,0,16.3
20170603,16.3,22.1,10.4,35,32,0,0,16.4
20170604,16.4,21,11.8,13,24,6.4,0,14.5
20170605,14.5,16.8,12.2,34,41,0.2,0,13.7
20170606,13.7,16.8,10.6,5,48,3.2,0,14.5
20170607,14.5,20.6,8.3,14,26,0,0,17.3
20170608,17.3,23.8,10.8,16,30,0,0,20.7
20170609,20.7,27.9,13.5,25,43,0,0,22.6
20170610,22.6,30.2,14.9,22,46,0,0,26.9
20170611,26.9,32.1,21.6,22,48,0,0,26.6
20170612,26.6,33.1,20.1,23,50,0,0,21.8
20170613,21.8,25.7,17.8,33,59,1,0,19.5
20170614,19.5,23.8,15.1,10,43,0,0,18.3
20170615,18.3,20.3,16.3,7,30,0,0,23.6
20170616,23.6,31,16.1,31,52,8,0,23.6
20170617,23.6,27.5,19.6,30,37,7,0,24.4
20170618,24.4,29.8,18.9,23,67,1.8,0,21.7
20170619,21.7,26.7,16.6,26,35,0.4,0,18.5
20170620,18.5,23.9,13.1,29,56,4.2,0,17.8
20170621,17.8,23.5,12.1,30,39,0,0,19.2
20170622,19.2,25,13.4,17,39,4.2,0,21.4
20170623,21.4,25.1,17.7,30,43,36.2,0,19.5
20170624,19.5,24.2,14.7,29,61,0,0,17.7
20170625,17.7,21.6,13.7,23,67,1.4,0,16.6
20170626,16.6,21.7,11.5,28,48,2.2,0,16
20170627,16,20.8,11.2,30,57,3.6,0,18.4
20170628,18.4,25.1,11.7,23,43,0.6,0,21.3
20170629,21.3,27.8,14.7,24,54,4.2,0,24.2
20170630,24.2,28.3,20.1,25,41,12.6,0,21
20170701,21,26.3,15.6,27,37,1,0,20.6
20170702,20.6,27.3,13.9,26,54,1.2,0,20.2
20170703,20.2,25.5,14.9,30,32,0,0,20.3
20170704,20.3,25.9,14.7,17,30,0,0,20.5
20170705,20.5,27.2,13.8,13,30,0,0,23.2
20170706,23.2,29.7,16.6,17,39,0,0,24.7
20170707,24.7,29.2,20.1,1,39,0,0,19.9
20170708,19.9,24.6,15.2,33,52,0,0,21.5
20170709,21.5,27.6,15.3,24,50,0.2,0,21.8
20170710,21.8,25.5,18,23,39,0,0,23.2
20170711,23.2,29.2,17.2,24,32,0,0,23.1
20170712,23.1,27,19.2,16,26,0.6,0,18.8
20170713,18.8,21.7,15.8,9,33,2.2,0,22.6
20170714,22.6,27.8,17.4,27,50,0.6,0,22.9
20170715,22.9,27.8,18,30,37,0,0,22.2
20170716,22.2,27.5,16.9,24,44,0,0,22.6
20170717,22.6,25.9,19.3,13,28,0,0,22.8
20170718,22.8,28.1,17.4,15,33,0,0,25.3
20170719,25.3,31.8,18.7,27,43,0,0,20.3
20170720,20.3,24.8,15.8,35,39,19.4,0,24.3
20170721,24.3,29.7,18.8,32,41,0,0,22.1
20170722,22.1,23.8,20.3,8,19,2.4,0,22.3
20170723,22.3,24.4,20.2,10,37,0,0,19.1
20170724,19.1,22.1,16,36,43,0,0,19.2
20170725,19.2,23,15.4,1,33,0,0,18.3
20170726,18.3,21.7,14.8,13,30,2.6,0,22.5
20170727,22.5,27.1,17.9,35,33,5.4,0,19.3
20170728,19.3,22.7,15.9,6,41,0,0,21.4
20170729,21.4,27.5,15.3,34,41,0,0,24.3
20170730,24.3,30.4,18.1,35,41,0,0,24.2
20170731,24.2,31.3,17,2,56,2,0,23.4
20170801,23.4,28.6,18.1,21,59,13.4,0,24.3
20170802,24.3,29.6,18.9,31,48,0.2,0,22.9
20170803,22.9,27.3,18.4,13,30,0.4,0,21
20170804,21,26.4,15.6,16,43,29.6,0,17.2
20170805,17.2,21.6,12.7,29,61,0.2,0,18.9
20170806,18.9,26,11.8,23,39,0,0,18.1
20170807,18.1,21.7,14.4,34,41,0.4,0,19.7
20170808,19.7,25.9,13.4,31,35,0,0,22.5
20170809,22.5,28.8,16.2,26,43,0,0,22.3
20170810,22.3,27,17.6,15,33,0,0,21.1
20170811,21.1,25,17.2,21,41,2.2,0,21.1
20170812,21.1,25.7,16.4,34,41,0.4,0,20
20170813,20,26.6,13.4,32,30,0,0,21.4
20170814,21.4,26.1,16.7,11,26,0,0,21.9
20170815,21.9,27.5,16.2,36,41,1.4,0,20.1
20170816,20.1,23.9,16.2,15,28,0,0,20.3
20170817,20.3,23.7,16.8,11,32,14.6,0,23.4
20170818,23.4,26.8,19.9,26,48,0,0,20.5
20170819,20.5,24.6,16.4,29,46,0,0,22.1
20170820,22.1,28.6,15.6,25,37,0,0,24.3
20170821,24.3,30,18.6,27,30,0,0,20.3
20170822,20.3,26.3,14.2,29,69,8,0,17.5
20170823,17.5,23.3,11.7,29,52,0,0,15.6
20170824,15.6,20.4,10.8,35,35,0,0,16.4
20170825,16.4,21.7,11,36,30,0,0,16.4
20170826,16.4,22.4,10.3,12,26,0,0,16.8
20170827,16.8,22.8,10.7,12,39,0,0,19.4
20170828,19.4,23,15.8,14,33,0,0,19.2
20170829,19.2,23.1,15.2,10,30,0,0,19
20170830,19,24.7,13.3,30,30,0.2,0,14.5
20170831,14.5,19.3,9.7,34,50,3.8,0,12.7
20170901,12.7,18,7.4,35,28,0,0,13.7
20170902,13.7,20,7.3,11,41,0,0,17.9
20170903,17.9,21.4,14.3,28,50,8.8,0,20.3
20170904,20.3,26.7,13.9,23,67,8.6,0,17.1
20170905,17.1,21.4,12.7,32,48,4.6,0,16
20170906,16,21,11,1,30,0,0,15
20170907,15,20.3,9.6,30,50,4.2,0,14
20170908,14,18.5,9.5,1,41,0,0,12.8
20170909,12.8,17.9,7.7,2,32,0,0,13.7
20170910,13.7,19.1,8.2,16,26,0,0,15.5
20170911,15.5,22.6,8.4,10,19,0,0,17.1
20170912,17.1,24.4,9.8,14,24,0,0,18.2
20170913,18.2,24.9,11.4,16,24,0,0,21.5
20170914,21.5,27.6,15.4,32,32,0,0,21.7
20170915,21.7,26.2,17.1,15,24,0,0,21.2
20170916,21.2,27.3,15,15,24,0,0,21.1
20170917,21.1,26.9,15.2,12,24,0,0,21.8
20170918,21.8,27.7,15.8,20,30,0,0,23
20170919,23,27.3,18.6,20,35,0,0,21.9
20170920,21.9,25.8,17.9,14,26,0,0,21.6
20170921,21.6,27.4,15.8,11,28,0,0,21.9
20170922,21.9,27.1,16.7,16,24,0,0,25.4
20170923,25.4,33.1,17.7,31,22,0,0,26.5
20170924,26.5,33.6,19.4,19,20,0,0,25.8
20170925,25.8,31.5,20.1,15,24,0,0,25.6
20170926,25.6,31.1,20,15,32,0,0,22
20170927,22,30.2,13.8,28,50,0,0,13.6
20170928,13.6,18.9,8.2,32,43,0,0,13.3
20170929,13.3,18.2,8.3,28,69,3.6,0,10.5
20170930,10.5,15,6,35,41,0,0,10.9
20171001,10.9,17.6,4.1,14,22,0,0,13.5
20171002,13.5,20,6.9,12,30,0,0,16
20171003,16,24,7.9,14,30,0,0,19
20171004,19,26.5,11.4,32,57,3.6,0,15.9
20171005,15.9,23.2,8.6,28,46,0,0,17.3
20171006,17.3,21.1,13.5,15,20,1.4,0,22.2
20171007,22.2,27.5,16.8,22,50,4.8,0,20.9
20171008,20.9,24.9,16.8,24,61,0.6,0,18
20171009,18,22,13.9,12,20,11.8,0,17.1
20171010,17.1,23,11.2,36,39,0,0,10.5
20171011,10.5,13.5,7.5,6,41,2.8,0,11.5
20171012,11.5,15,8,7,46,0,0,15.5
20171013,15.5,18.8,12.2,13,22,0.4,0,15.5
20171014,15.5,18.8,12.1,11,30,8.8,0,16
20171015,16,24.4,7.5,27,102,7.8,0,6.6
20171016,6.6,10.4,2.8,1,35,0,0,11.1
20171017,11.1,19.6,2.5,22,54,0,0,16
20171018,16,21.8,10.2,23,43,0,0,14.1
20171019,14.1,20.9,7.3,26,52,0,0,14.7
20171020,14.7,22,7.4,19,32,0,0,15.4
20171021,15.4,21.1,9.7,15,22,0,0,15.6
20171022,15.6,22.6,8.5,-99999,-99999,0,-99999,16.9
20171023,16.9,19.5,14.3,17,46,9.2,0,12.7
20171024,12.7,16.8,8.5,20,59,1,0,7.3
20171025,7.3,12.2,2.4,23,39,0,0,6.9
20171026,6.9,12.1,1.7,26,35,0,0,8.8
20171027,8.8,14.9,2.7,14,39,0,0,7.4
20171028,7.4,12,2.8,26,35,5.4,0,6.3
20171029,6.3,8.7,3.9,32,50,0,0,6.9
20171030,6.9,9.2,4.6,30,63,0,0,5.6
20171031,5.6,8.1,3.1,24,69,0.2,0,5.5
20171101,5.5,7.2,3.8,5,20,1.6,0,10.9
20171102,10.9,15.9,5.8,30,39,11,0,6.8
20171103,6.8,11.7,1.9,31,52,2,0,3.9
20171104,3.9,7,0.7,7,48,1.6,0,10.9
20171105,10.9,15.6,6.2,28,57,14.8,0,7.7
20171106,7.7,11.7,3.7,33,46,0,0,3.6
20171107,3.6,7.2,0,14,32,0,0,-99999
20171108,-99999,-99999,-1.2,22,37,0,0,2.1
20171109,2.1,8.9,-4.7,30,74,0.6,0,-6.8
20171110,-6.8,-3.4,-10.1,32,59,0,0,-3.5
20171111,-3.5,1.2,-8.2,11,33,0,0,2.7
20171112,2.7,4.8,0.6,27,20,1,0,3.4
20171113,3.4,5.4,1.4,31,19,0.6,0,4.8
20171114,4.8,7.2,2.4,31,17,0,0,5.1
20171115,5.1,7.8,2.4,22,39,2.4,0,3.8
20171116,3.8,8,-0.4,29,61,0.6,0,0.4
20171117,0.4,3.1,-2.4,34,43,0,0,4.9
20171118,4.9,7.9,1.8,33,57,19,0,0.9
20171119,0.9,4.6,-2.8,34,61,2,12,2.8
20171120,2.8,6.7,-1.1,25,43,0,0,7.2
20171121,7.2,11.7,2.7,24,63,0,0,-0.3
20171122,-0.3,2.7,-3.2,30,46,0,0,1.1
20171123,1.1,3.5,-1.4,26,43,0,0,5.8
20171124,5.8,11.6,0,21,54,0,0,5.5
20171125,5.5,10.3,0.6,30,56,1,0,1.7
20171126,1.7,3.3,0,25,52,0,0,1.6
20171127,1.6,4,-0.9,32,50,0,0,8.9
20171128,8.9,17.1,0.7,22,63,0,0,4.7
20171129,4.7,10,-0.6,31,57,0,0,1.7
20171130,1.7,6.8,-3.5,26,48,1.6,0,4.7
20171201,4.7,8.3,1.1,30,28,0,0,3
20171202,3,7.3,-1.3,16,19,0,0,3.2
20171203,3.2,8,-1.6,29,20,0,0,3.3
20171204,3.3,9,-2.4,16,37,3.8,0,5.4
20171205,5.4,11.6,-0.8,27,67,3.8,0,0.5
20171206,0.5,3.3,-2.4,24,67,0,0,-1.6
20171207,-1.6,0.8,-3.9,25,56,0,0,-1.2
20171208,-1.2,1.4,-3.8,22,57,0,0,-1.6
20171209,-1.6,1,-4.1,17,30,0,0,-2.8
20171210,-2.8,-1.6,-4,25,50,0.2,4,-5
20171211,-5,-2.7,-7.2,36,28,3,56,-7.2
20171212,-7.2,-2.6,-11.7,30,57,4.2,56,-10.1
20171213,-10.1,-7.3,-12.9,30,43,1,14,-11.1
20171214,-11.1,-6.3,-15.8,29,46,0,0,-8
20171215,-8,-4,-11.9,25,50,0.2,2,-7.2
20171216,-7.2,-4,-10.3,25,35,0.2,2,-10
20171217,-10,-6.4,-13.5,0,0,0,0,-1.7
20171218,-1.7,3.7,-7.1,0,0,2.4,4,4.1
20171219,4.1,7.4,0.8,25,69,0,0,-0.9
20171220,-0.9,2.5,-4.2,29,59,0,0,-3.8
20171221,-3.8,-2.6,-4.9,0,0,3,40,-4.7
20171222,-4.7,-3.4,-6,10,37,2.6,30,-2.1
20171223,-2.1,1.4,-5.6,28,33,3.4,36,-5.9
20171224,-5.9,-2,-9.7,6,33,8.4,88,-8.2
20171225,-8.2,-4.2,-12.1,26,76,0.8,10,-14.4
20171226,-14.4,-11.5,-17.3,25,52,0,0,-15.5
20171227,-15.5,-11.3,-19.7,30,33,0,0,-17.5
20171228,-17.5,-12.5,-22.5,0,0,0,0,-12.3
20171229,-12.3,-8.4,-16.1,0,0,3,45,-13.3
20171230,-13.3,-7.3,-19.2,35,48,0.4,4,-18.6
20171231,-18.6,-14.5,-22.6,34,32,0,0,-15
20180101,-15,-8.7,-21.3,28,54,0,0,-10.5
20180102,-10.5,-7.8,-13.1,24,59,1,10,-9.9
20180103,-9.9,-6.3,-13.5,22,44,0,0,-14.7
20180104,-14.7,-8.9,-20.5,32,65,0,0,-19
20180105,-19,-15,-23,31,50,0,0,-20
20180106,-20,-16.4,-23.5,30,32,0,0,-11.5
20180107,-11.5,-2,-20.9,22,52,0.4,2,-0.2
20180108,-0.2,2.2,-2.6,25,50,4.2,40,-1
20180109,-1,0.6,-2.5,31,39,0,0,0.9
20180110,0.9,6.6,-4.9,0,0,2.6,0,8.6
20180111,8.6,12.6,4.5,21,37,7,0,-0.2
20180112,-0.2,12.2,-12.6,32,67,14.2,34,-14.3
20180113,-14.3,-11.6,-16.9,34,61,0,0,-11.9
20180114,-11.9,-6.5,-17.3,14,35,0,0,-7.8
20180115,-7.8,-6.5,-9,11,56,3.8,44,-6.7
20180116,-6.7,-3.1,-10.3,0,0,1.4,16,-10
20180117,-10,-5.5,-14.4,22,48,0.4,4,-6.6
20180118,-6.6,-4.1,-9.1,25,37,0,0,-2.2
20180119,-2.2,2,-6.4,22,54,0,0,3
20180120,3,6.2,-0.3,22,41,0,0,1.1
20180121,1.1,4.2,-2,23,30,1,0,1.5
20180122,1.5,2.4,0.6,10,41,14.4,0,1
20180123,1,7.1,-5.2,34,69,3.4,0,-7.9
20180124,-7.9,-4.9,-10.8,28,56,0,0,-6.9
20180125,-6.9,-2.5,-11.2,0,0,0,0,1.6
20180126,1.6,5.7,-2.6,12,32,0,0,5
20180127,5,9.6,0.3,24,59,1.6,0,1.1
20180128,1.1,5.2,-3,27,33,0,0,-4.3
20180129,-4.3,-1.9,-6.7,0,39,5.2,52,-11
20180130,-11,-6.5,-15.4,35,52,0.4,4,-6.5
20180131,-6.5,2.1,-15.1,16,43,0.8,8,-2.9
20180201,-2.9,4.6,-10.4,26,59,0,0,-12.6
20180202,-12.6,-9.5,-15.7,31,52,0,0,-6.6
20180203,-6.6,-2.3,-10.9,26,43,1.8,18,-3.8
20180204,-3.8,1.5,-9,32,69,5,52,-11
20180205,-11,-7.8,-14.1,32,52,0,0,-8.1
20180206,-8.1,-4.8,-11.3,25,41,0.2,2,-9
20180207,-9,-4.8,-13.2,35,43,6.6,74,-9.9
20180208,-9.9,-6.6,-13.1,29,52,0,0,-8.1
20180209,-8.1,-5.3,-10.9,0,0,6,68,-5.6
20180210,-5.6,-4.4,-6.7,0,0,5.6,64,-4.3
20180211,-4.3,-1.3,-7.2,29,50,3.4,10,-7.6
20180212,-7.6,-3,-12.2,28,41,0,0,-8.2
20180213,-8.2,-2.2,-14.1,0,0,0,0,0.5
20180214,0.5,5.2,-4.2,24,37,0,0,5.3
20180215,5.3,8,2.6,24,43,0,0,-2
20180216,-2,3.3,-7.2,32,61,0,0,-4.1
20180217,-4.1,-0.4,-7.7,20,33,0,0,0.4
20180218,0.4,4.2,-3.5,27,39,0,0,0.7
20180219,0.7,4.2,-2.8,0,0,13.4,0,9.7
20180220,9.7,16.5,2.8,22,52,7.6,0,6.2
20180221,6.2,14.6,-2.3,35,50,8,0,-0.6
20180222,-0.6,2,-3.2,34,33,0,0,2.7
20180223,2.7,6.3,-1,29,46,3,0,2.9
20180224,2.9,4.9,0.9,10,54,0,0,6.5
20180225,6.5,12,1,25,69,4.8,0,3.3
20180226,3.3,7.7,-1.2,26,46,0,0,6.2
20180227,6.2,13.7,-1.4,25,63,0,0,9
20180228,9,16.2,1.8,35,46,0,0,1.8
20180301,1.8,4.2,-0.6,2,69,0.8,6,1
20180302,1,4.1,-2.2,35,65,0.4,4,0
20180303,0,3.9,-3.9,1,54,0,0,-1.2
20180304,-1.2,2,-4.4,35,46,0,0,-0.9
20180305,-0.9,4.5,-6.3,35,37,0,0,-0.2
20180306,-0.2,1.3,-1.6,11,48,0,0,0.6
20180307,0.6,2.6,-1.5,25,43,0.2,2,-2
20180308,-2,-0.6,-3.4,26,43,0,0,0.3
20180309,0.3,4.4,-3.8,30,52,0.4,4,-0.9
20180310,-0.9,2.4,-4.2,31,39,0,0,-0.8
20180311,-0.8,3,-4.6,32,32,0,0,-1.9
20180312,-1.9,0,-3.7,0,0,2.8,58,-1.4
20180313,-1.4,1.4,-4.2,33,46,0,0,-1.9
20180314,-1.9,1.2,-4.9,27,59,0,0,-0.3
20180315,-0.3,4.8,-5.3,33,50,1.4,14,-3.8
20180316,-3.8,-0.1,-7.4,28,56,0,0,0
20180317,0,6.3,-6.3,29,48,0,0,2.1
20180318,2.1,10.5,-6.4,14,63,0,0,-3.7
20180319,-3.7,0.3,-7.6,4,30,0,0,-2.2
20180320,-2.2,3.4,-7.8,10,37,0,0,0.1
20180321,0.1,5,-4.8,1,41,0,0,0.6
20180322,0.6,5.3,-4.2,0,48,0,0,-0.1
20180323,-0.1,4.3,-4.4,36,48,0,0,-1.4
20180324,-1.4,2.9,-5.6,35,48,0,0,-2.3
20180325,-2.3,3.4,-8,11,35,0,0,3.4
20180326,3.4,9.2,-2.4,9,44,0,0,4.8
20180327,4.8,7.1,2.5,13,32,4.4,0,5.1
20180328,5.1,8.1,2,34,33,0,0,3.7
20180329,3.7,6.5,0.9,36,37,17.2,0,1.6
20180330,1.6,5.3,-2.1,33,54,0.2,0,3.9
20180331,3.9,9.1,-1.3,22,72,4.8,0,-0.1
20180401,-0.1,3.6,-3.7,30,74,0,0,1.9
20180402,1.9,7.3,-3.5,24,35,0,0,3.3
20180403,3.3,4.8,1.7,11,46,20.8,0,0.2
20180404,0.2,5.1,-4.7,28,96,4.8,0,-1.7
20180405,-1.7,2,-5.4,27,48,0,0,0.6
20180406,0.6,4.9,-3.7,29,69,1.8,14,-2.6
20180407,-2.6,0.9,-6.1,31,54,0,0,-1.9
20180408,-1.9,1.8,-5.5,30,50,0,0,-1.1
20180409,-1.1,3.3,-5.5,0,0,0,0,1.7
20180410,1.7,6.5,-3.2,26,39,0.4,4,2.6
20180411,2.6,5.5,-0.3,24,44,1.2,0,6.9
20180412,6.9,15.9,-2.1,31,46,2.6,0,3.8
20180413,3.8,5.9,1.6,35,30,7.4,0,-0.3
20180414,-0.3,3.8,-4.4,5,52,35.8,42,-1.6
20180415,-1.6,0.8,-4,8,74,28.2,38,1.9
20180416,1.9,2.9,0.8,6,69,18.6,0,-0.5
20180417,-0.5,1.1,-2,27,48,0.2,2,1.8
20180418,1.8,3.5,0,26,41,0,0,1.4
20180419,1.4,3.3,-0.5,32,54,0,0,3
20180420,3,8.3,-2.3,33,46,0,0,6
20180421,6,14.1,-2.1,0,0,0,0,8.5
20180422,8.5,16.6,0.4,0,0,0,0,10.4
20180423,10.4,18.7,2,10,32,0,0,11.8
20180424,11.8,16.8,6.8,16,37,4.2,0,7.5
20180425,7.5,11.2,3.7,32,54,18.8,0,9.7
20180426,9.7,15.9,3.4,33,54,0.6,0,8.5
20180427,8.5,14.6,2.4,32,39,3,0,4.5
20180428,4.5,8.2,0.8,33,48,1.8,0,6
20180429,6,11.9,0,34,59,0.4,4,10.6
20180430,10.6,20,1.1,29,44,0,0,18
20180501,18,27.7,8.2,22,50,0,0,22.8
20180502,22.8,28,17.5,22,54,0,0,15.9
20180503,15.9,22.1,9.7,25,61,6.8,0,16.6
20180504,16.6,24.9,8.2,27,119,8.2,0,16.4
20180505,16.4,24.6,8.1,24,63,2.2,0,14.8
20180506,14.8,18.4,11.1,11,32,0.8,0,12.9
20180507,12.9,16.2,9.6,14,32,0,0,12.8
20180508,12.8,19.1,6.5,0,0,0,0,15.8
20180509,15.8,22.7,8.8,12,30,0,0,12.6
20180510,12.6,20.1,5,29,61,2.2,0,8.1
20180511,8.1,11.2,5,1,37,0,0,11.1
20180512,11.1,14.2,7.9,0,0,0,0,12.7
20180513,12.7,18,7.4,10,32,0,0,16.8
20180514,16.8,24.3,9.2,19,35,0,0,16.2
20180515,16.2,21.6,10.8,35,46,18.6,0,14.1
20180516,14.1,20.2,8,35,30,0,0,18
20180517,18,24.3,11.6,35,41,0,0,13.4
20180518,13.4,16.8,9.9,11,48,0,0,13.4
20180519,13.4,16.8,9.9,10,39,8,0,14.6
20180520,14.6,20,9.2,33,41,0,0,14.1
20180521,14.1,20.8,7.4,0,0,0,0,14.4
20180522,14.4,17.6,11.1,35,30,8.6,0,18
20180523,18,25.8,10.2,33,39,0,0,20.4
20180524,20.4,28.5,12.2,29,41,0,0,23.2
20180525,23.2,30.3,16,22,46,0,0,22.2
20180526,22.2,27.5,16.9,3,48,0,0,21.6
20180527,21.6,26.6,16.5,0,0,0,0,22.9
20180528,22.9,30.8,15,31,37,0,0,23
20180529,23,27.1,18.8,11,32,0,0,23.8
20180530,23.8,29.2,18.4,0,0,0,0,25.5
20180531,25.5,30.7,20.3,25,48,10,0,21.6
20180601,21.6,28,15.1,1,52,0,0,17.4
20180602,17.4,21.3,13.5,36,37,0,0,17.7
20180603,17.7,21.3,14,8,30,7.4,0,16.8
20180604,16.8,19.3,14.3,30,69,1,0,13
20180605,13,15.5,10.5,29,41,0.2,0,13.3
20180606,13.3,16.4,10.2,34,35,0,0,17.3
20180607,17.3,23.1,11.4,0,33,0,0,17.4
20180608,17.4,22.2,12.6,15,30,0,0,18.2
20180609,18.2,23.6,12.7,0,0,0,0,18.4
20180610,18.4,22.8,14,10,52,0,0,17.1
20180611,17.1,22.8,11.4,10,41,0,0,18.4
20180612,18.4,26.1,10.7,16,33,0,0,23
20180613,23,30.1,15.8,27,87,3.2,0,19.9
20180614,19.9,25.4,14.3,32,61,0,0,19.1
20180615,19.1,25.1,13.1,15,30,0,0,21.7
20180616,21.7,29.5,13.9,25,32,0,0,24.6
20180617,24.6,31.9,17.2,18,43,0,0,25.4
20180618,25.4,33,17.7,30,56,2.6,0,19.6
20180619,19.6,23.2,16,35,33,0,0,20.4
20180620,20.4,25.4,15.3,0,0,0,0,18.1
20180621,18.1,21.7,14.4,35,33,0,0,17.9
20180622,17.9,22.9,12.8,10,39,1.6,0,18
20180623,18,19.5,16.5,0,0,4.8,0,18.1
20180624,18.1,21.3,14.8,35,39,21.4,0,18.1
20180625,18.1,23.3,12.9,5,33,0,0,17.3
20180626,17.3,23.4,11.1,11,35,0,0,19.3
20180627,19.3,22.1,16.5,0,0,7.8,0,24.6
20180628,24.6,29.6,19.6,30,37,0,0,25.3
20180629,25.3,31.5,19.1,20,43,0,0,28.7
20180630,28.7,35.4,21.9,23,44,0,0,29.1
20180701,29.1,34.3,23.8,22,41,0,0,27
20180702,27,34,19.9,24,43,0,0,24.7
20180703,24.7,30.8,18.6,0,0,0,0,26.4
20180704,26.4,33.4,19.3,0,0,0,0,27.2
20180705,27.2,33.6,20.7,25,48,23.8,0,20.3
20180706,20.3,23.4,17.1,0,0,-99999,-99999,19.7
20180707,19.7,25.5,13.8,15,32,0,0,21.6
20180708,21.6,28.4,14.7,18,32,0,0,23.6
20180709,23.6,32.4,14.8,25,39,0,0,24.3
20180710,24.3,29.7,18.8,34,48,0,0,22.2
20180711,22.2,27.3,17.1,35,37,0,0,23.3
20180712,23.3,29.8,16.8,14,35,0,0,25.8
20180713,25.8,30.4,21.2,15,37,0,0,25.1
20180714,25.1,28.8,21.4,23,32,0.2,0,25.9
20180715,25.9,30.4,21.3,0,0,0,0,26.6
20180716,26.6,32.1,21,26,63,8,0,22.7
20180717,22.7,27.5,17.8,35,44,0,0,19.8
20180718,19.8,23.8,15.8,20,35,0,0,20.7
20180719,20.7,27.3,14.1,18,30,0,0,24.2
20180720,24.2,30.1,18.2,10,39,0.6,0,22.1
20180721,22.1,26.2,17.9,10,44,0.4,0,20.4
20180722,20.4,23.9,16.9,17,41,15.4,0,24.4
20180723,24.4,28.1,20.6,11,33,0,0,26
20180724,26,30.1,21.8,17,43,5.4,0,24.5
20180725,24.5,30,18.9,1,37,0,0,23.3
20180726,23.3,29.6,16.9,26,89,8,0,21.7
20180727,21.7,26.5,16.8,27,43,2,0,19.3
20180728,19.3,23.7,14.9,27,46,0.2,0,19.9
20180729,19.9,26.4,13.4,24,43,0,0,22
20180730,22,26.7,17.2,15,32,0,0,22
20180731,22,25.8,18.1,0,0,0,0,23.7
20180801,23.7,27.2,20.1,23,46,0.6,0,24.2
20180802,24.2,30.3,18.1,23,39,0,0,24.5
20180803,24.5,29,19.9,3,35,0,0,25.7
20180804,25.7,31.9,19.4,0,0,0,0,27
20180805,27,34.9,19,26,41,0,0,27.8
20180806,27.8,34.2,21.3,19,67,22.6,0,24.4
20180807,24.4,28.2,20.5,5,39,6,0,21.6
20180808,21.6,25.7,17.4,32,44,21,0,23.1
20180809,23.1,29.6,16.6,24,37,2.4,0,21.1
20180810,21.1,24.8,17.3,14,30,0,0,21.1
20180811,21.1,26.8,15.4,0,0,4.2,0,23.1
20180812,23.1,27.6,18.6,0,0,0,0,23.2
20180813,23.2,27.2,19.2,0,0,0,0,26
20180814,26,31.4,20.6,31,41,0,0,25.7
20180815,25.7,31.3,20,28,39,0,0,25.1
20180816,25.1,29.9,20.2,22,43,1.4,0,25.3
20180817,25.3,29.3,21.2,32,39,14.6,0,22
20180818,22,24.9,19.1,0,0,0.4,0,21
20180819,21,24.8,17.1,0,0,0,0,21.7
20180820,21.7,25.5,17.9,10,32,0,0,22.8
20180821,22.8,25.9,19.7,34,48,25.6,0,18.3
20180822,18.3,21.4,15.1,30,56,0.8,0,20.7
20180823,20.7,26.6,14.8,28,46,0,0,20.8
20180824,20.8,27,14.6,24,39,0,0,22.9
20180825,22.9,25.6,20.1,16,37,17.8,0,24.5
20180826,24.5,28.7,20.3,27,37,0,0,24.3
20180827,24.3,28.7,19.9,22,32,0.8,0,28
20180828,28,31.7,24.3,20,57,0,0,23
20180829,23,28.5,17.4,29,57,0,0,16.8
20180830,16.8,18.6,15,35,43,0,0,19.8
20180831,19.8,23.3,16.2,0,0,0,0,21.3
20180901,21.3,27.4,15.2,17,32,0,0,26.1
20180902,26.1,29.9,22.3,23,39,0.4,0,26.8
20180903,26.8,31.9,21.7,27,39,0,0,23.9
20180904,23.9,28.1,19.7,0,0,0,0,27.9
20180905,27.9,34.2,21.5,23,54,0.4,0,21.4
20180906,21.4,26.3,16.4,36,35,0.6,0,19.8
20180907,19.8,24.5,15.1,35,35,0,0,14.6
20180908,14.6,17,12.1,4,30,0,0,-99999
20180909,-99999,16,-99999,9,52,0,0,14.1
20180910,14.1,15.9,12.2,12,50,26.2,0,17.6
20180911,17.6,20.8,14.4,34,37,0,0,18.3
20180912,18.3,23.8,12.7,0,0,0,0,20.8
20180913,20.8,25.2,16.3,10,33,0,0,23.8
20180914,23.8,27.8,19.7,0,0,0,0,24.3
20180915,24.3,28.7,19.8,0,0,0,0,24
20180916,24,28.4,19.6,0,0,0,0,23.5
20180917,23.5,27,20,15,30,0,0,21.5
20180918,21.5,27.6,15.3,1,43,0,0,17.8
20180919,17.8,22.2,13.3,0,32,0,0,16.9
20180920,16.9,19.2,14.6,11,37,0,0,22.4
20180921,22.4,32.2,12.6,26,83,0.4,0,13.2
20180922,13.2,16.3,10,32,46,0,0,12.8
20180923,12.8,19.1,6.4,9,30,0,0,14.9
20180924,14.9,19.5,10.2,9,43,2.2,0,18.6
20180925,18.6,21.6,15.6,15,41,6.2,0,17.6
20180926,17.6,24,11.2,28,57,0,0,13.1
20180927,13.1,17.7,8.4,0,0,0,0,16.6
20180928,16.6,23.5,9.7,23,50,3.2,0,12.2
20180929,12.2,16.7,7.7,28,41,0,0,11.2
20180930,11.2,12.9,9.4,0,0,10.4,0,10
20181001,10,12.4,7.6,6,33,9.8,0,11.2
20181002,11.2,13.1,9.2,34,32,12.6,0,14.3
20181003,14.3,17.4,11.1,0,0,0,0,14.6
20181004,14.6,22.6,6.5,32,59,4,0,8.9
20181005,8.9,12.5,5.2,9,41,0,0,13.1
20181006,13.1,16.8,9.4,36,30,1.4,0,13.1
20181007,13.1,14.4,11.7,35,33,5.2,0,12.6
20181008,12.6,14.1,11,10,33,3.2,0,21.2
20181009,21.2,29,13.4,24,32,0,0,23
20181010,23,26.8,19.1,21,44,0.2,0,15
20181011,15,22.4,7.5,30,57,0,0,8.2
20181012,8.2,10.9,5.5,31,50,0.8,0,6.7
20181013,6.7,10.1,3.2,28,43,1.2,0,9.2
20181014,9.2,15.2,3.2,24,35,0,0,8
20181015,8,14,2,27,69,1,0,6.5
20181016,6.5,12.2,0.7,25,48,0,0,5.1
20181017,5.1,9.3,0.9,30,72,0.2,0,3.5
20181018,3.5,8.4,-1.4,25,50,0,0,10.6
20181019,10.6,15.9,5.3,25,65,0,0,7.3
20181020,7.3,11.9,2.6,24,59,0.2,0,3
20181021,3,5.7,0.2,34,56,0,0,6.6
20181022,6.6,11,2.1,0,0,0,0,5.4
20181023,5.4,9.5,1.3,30,65,0.8,0,3.6
20181024,3.6,5.4,1.8,32,43,0.4,0,4.5
20181025,4.5,7.4,1.5,20,35,0.2,0,6.7
20181026,6.7,8.8,4.6,8,46,0,0,3.5
20181027,3.5,6.3,0.6,10,48,9.6,20,3.5
20181028,3.5,6.3,0.6,0,0,1.2,4,4.1
20181029,4.1,9.1,-1,31,61,1,0,4.9
20181030,4.9,11.3,-1.5,-99999,-99999,0.6,0,8.9
20181031,8.9,13.6,4.2,31,35,16.2,0,6.2
20181101,6.2,7.8,4.5,4,41,29.6,0,4.4
20181102,4.4,5.2,3.6,4,48,5,0,3.6
20181103,3.6,6.8,0.4,31,46,1.6,0,3.4
20181104,3.4,7.3,-0.6,9,45,0,0,8.8
20181105,8.8,11.1,6.5,-99999,-99999,1.8,0,12.4
20181106,12.4,16.2,8.6,24,72,7,0,6.6
20181107,6.6,9,4.1,28,59,1,0,4.1
20181108,4.1,5.5,2.6,29,41,0.4,0,2.5
20181109,2.5,4,1,26,63,11.4,10,-0.1
20181110,-0.1,2.5,-2.6,26,72,0,0,0.6
20181111,0.6,4.2,-3,30,39,0,0,3.6
20181112,3.6,6.3,0.8,-99999,-99999,1,0,-1.3
20181113,-1.3,1.7,-4.3,36,46,1.4,4,-2.2
20181114,-2.2,1.1,-5.5,30,41,0,0,-2.4
20181115,-2.4,0.4,-5.1,10,46,10.4,90,1.2
20181116,1.2,2.2,0.1,26,46,5.2,42,-1.2
20181117,-1.2,2.4,-4.8,28,41,0,0,-1.9
20181118,-1.9,2.1,-5.8,-99999,-99999,0,0,0.1
20181119,0.1,4.2,-4,-99999,-99999,0,0,-1.2
20181120,-1.2,1.1,-3.4,29,45,0.4,4,-5.8
20181121,-5.8,1.4,-12.9,29,68,0,0,-9.6
20181122,-9.6,-5.9,-13.3,34,33,0,0,-1.7
20181123,-1.7,2.5,-5.9,15,33,0,0,3.4
20181124,3.4,6.3,0.4,11,35,2.8,0,5.7
20181125,5.7,8.1,3.2,28,37,0,0,3.8
20181126,3.8,5.6,2,9,50,25.4,0,0.4
20181127,0.4,2.5,-1.7,31,58,0.8,6,0.8
20181128,0.8,3.4,-1.8,30,65,0,0,0.9
20181129,0.9,2,-0.2,25,42,0,0,0.8
20181130,0.8,1.7,-0.1,-99999,-99999,0,0,1.4
20181201,1.4,3.4,-0.7,10,54,3.4,8,6.7
20181202,6.7,10.1,3.2,11,42,3.8,0,2.7
20181203,2.7,7.3,-1.9,25,48,2,10,-3.1
20181204,-3.1,0,-6.2,36,39,0,0,-3.5
20181205,-3.5,1.4,-8.3,26,39,0.2,2,-1
20181206,-1,2.1,-4.1,25,48,0,0,-6.2
20181207,-6.2,-3.2,-9.2,-99999,-99999,0,0,-3.3
20181208,-3.3,0.2,-6.7,31,42,0,0,-2.9
20181209,-2.9,0.9,-6.7,24,42,0,0,-0.1
20181210,-0.1,1.2,-1.4,24,37,0,0,-1.8
20181211,-1.8,-0.2,-3.4,21,41,0.2,2,0.2
20181212,0.2,1.2,-0.9,10,46,1,8,0.7
20181213,0.7,2.5,-1.1,-99999,-99999,0.6,6,2.2
20181214,2.2,5.4,-1,-99999,-99999,2.6,0,1.7
20181215,1.7,4,-0.6,-99999,-99999,0,0,1.7
20181216,1.7,3.9,-0.6,24,-99999,0,0,0.9
20181217,0.9,2.7,-1,34,65,0,0,-3
20181218,-3,0.2,-6.2,36,32,0,0,1.6
20181219,1.6,5.9,-2.8,24,-99999,0,0,2.5
20181220,2.5,5.3,-0.3,-99999,-99999,6.4,0,2.1
20181221,2.1,5.2,-1,33,68,9.6,0,-1.2
20181222,-1.2,-0.2,-2.2,32,61,0,0,-0.6
20181223,-0.6,0.7,-1.8,-99999,-99999,0.2,2,-1.3
20181224,-1.3,2,-4.5,28,48,0,0,-1.5
20181225,-1.5,0.3,-3.2,-99999,-99999,0,0,-1.9
20181226,-1.9,2.2,-6,35,39,0,0,-2.3
20181227,-2.3,2.8,-7.4,11,46,5.4,0,7.6
20181228,7.6,12.4,2.7,27,58,1.8,0,-2.2
20181229,-2.2,2.7,-7,26,48,0,0,-3
20181230,-3,0.7,-6.6,25,33,1.2,16,1.3
20181231,1.3,5,-2.5,11,42,13.6,0,-1.4
20190101,-1.4,5.2,-8,33,58,0.6,0,-4.9
20190102,-4.9,-0.5,-9.3,-99999,-99999,3.6,36,-1
20190103,-1,0.8,-2.8,27,46,0.2,2,3.6
20190104,3.6,8,-0.8,24,54,0,0,1.2
20190105,1.2,4,-1.7,30,33,0,0,-1.7
20190106,-1.7,4,-7.3,34,52,0,0,-1.4
20190107,-1.4,5.7,-8.4,11,63,2.8,0,5.3
20190108,5.3,8.2,2.4,25,50,3.8,0,-1.3
20190109,-1.3,2.3,-4.9,31,71,0,0,-8
20190110,-8,-4.6,-11.4,28,61,0,0,-10.7
20190111,-10.7,-7.5,-13.8,35,41,0,0,-6.7
20190112,-6.7,-4.3,-9,-99999,-99999,0,0,-8.7
20190113,-8.7,-5.4,-11.9,-99999,-99999,0,0,-4.3
20190114,-4.3,-0.8,-7.8,-99999,-99999,0,0,-2
20190115,-2,0.1,-4.1,24,54,0,0,-6.3
20190116,-6.3,-0.3,-12.2,30,63,0.4,4,-8.4
20190117,-8.4,-3.5,-13.2,-99999,-99999,0.6,6,-5.4
20190118,-5.4,-0.4,-10.4,30,46,1.6,16,-13.6
20190119,-13.6,-10.3,-16.8,1,42,5.4,64,-18
20190120,-18,-14.2,-21.8,32,67,1.6,20,-16.7
20190121,-16.7,-11.7,-21.7,33,54,0,0,-9.9
20190122,-9.9,-0.6,-19.1,15,35,0.2,2,2.5
20190123,2.5,6.1,-1.2,27,37,10.8,30,-0.4
20190124,-0.4,2.8,-3.5,29,46,0.6,2,-7.6
20190125,-7.6,-3.2,-12,26,72,0.8,12,-10.5
20190126,-10.5,-6.6,-14.3,25,37,0.4,4,-11.1
20190127,-11.1,-6,-16.1,26,63,9.6,100,-12.7
20190128,-12.7,-5.7,-19.7,11,71,19.6,264,-8.8
20190129,-8.8,-2.1,-15.5,22,58,4.8,70,-19
20190130,-19,-15.4,-22.6,25,67,0.2,2,-18.6
20190131,-18.6,-14.4,-22.8,25,58,0,0,-14.6
20190201,-14.6,-10.1,-19.1,27,37,0,0,-6.9
20190202,-6.9,1.1,-14.8,28,33,0.4,0,3.9
20190203,3.9,7.7,0,23,46,0.2,0,9.2
20190204,9.2,12.7,5.6,21,46,2.2,0,1.3
20190205,1.3,9.6,-7.1,28,48,0,0,-3.9
20190206,-3.9,-1.1,-6.7,9,46,16.8,20,0.2
20190207,0.2,3.6,-3.3,12,58,0.6,0,-2.2
20190208,-2.2,5.3,-9.6,26,89,0.4,4,-7
20190209,-7,-3.9,-10,25,52,0,0,-6.5
20190210,-6.5,-3.5,-9.5,-99999,-99999,0.4,8,-5.2
20190211,-5.2,-3.7,-6.7,10,39,0.8,8,-3.6
20190212,-3.6,0.8,-7.9,9,63,18.2,74,-2.2
20190213,-2.2,0.8,-5.2,27,71,5,60,-2
20190214,-2,1.7,-5.7,27,52,0.2,0,-0.5
20190215,-0.5,3.7,-4.6,25,74,1.4,0,-5.3
20190216,-5.3,-2.7,-7.8,32,41,0.2,2,-8.5
20190217,-8.5,-6,-11,10,35,0.2,2,-10.1
20190218,-10.1,-5.7,-14.4,33,39,2.4,45,-9.9
20190219,-9.9,-4,-15.8,25,33,0,0,-5.9
20190220,-5.9,0.1,-11.9,10,45,1.2,0,-0.1
20190221,-0.1,3,-3.2,26,58,0,0,-1.7
20190222,-1.7,1.8,-5.1,-99999,-99999,0,0,-1.6
20190223,-1.6,2.3,-5.4,7,45,0,0,1.9
20190224,1.9,6.9,-3.1,26,87,6.8,6,-5.6
20190225,-5.6,-3,-8.2,25,87,1,18,-8.2
20190226,-8.2,-5.8,-10.6,30,46,0,0,-10.6
20190227,-10.6,-7.6,-13.6,2,37,17.6,184,-12.1
20190228,-12.1,-6.8,-17.3,-99999,-99999,0,0,-7
20190301,-7,-0.5,-13.4,-99999,-99999,0,0,-3.6
20190302,-3.6,-0.8,-6.3,31,33,4.4,40,-5.6
20190303,-5.6,-2,-9.2,36,39,0.4,4,-11
20190304,-11,-7.8,-14.1,27,52,0,0,-12
20190305,-12,-8.6,-15.3,27,58,0,0,-12
20190306,-12,-9.2,-14.8,24,48,0,0,-10
20190307,-10,-5.8,-14.2,25,46,0,0,-8.1
20190308,-8.1,-1.1,-15,-99999,-99999,0,0,-5.4
20190309,-5.4,0.8,-11.5,11,67,0.8,0,3
20190310,3,5.4,0.6,22,63,12.2,0,0
20190311,0,2.3,-2.3,25,63,0,0,0.1
20190312,0.1,2.9,-2.7,32,46,0,0,0.7
20190313,0.7,4,-2.6,-99999,-99999,0.4,0,5.2
20190314,5.2,8.9,1.5,12,48,9,0,4.9
20190315,4.9,9.9,-0.2,22,59,0,0,-1.5
20190316,-1.5,1.6,-4.6,28,61,0,0,-2.2
20190317,-2.2,2.5,-6.9,28,46,0,0,-0.3
20190318,-0.3,3.3,-3.8,30,48,0,0,0.9
20190319,0.9,7.3,-5.5,27,37,0.6,6,4.6
20190320,4.6,9.7,-0.5,22,41,0,0,5.4
20190321,5.4,7.9,2.9,31,37,1.2,0,-0.4
20190322,-0.4,3.6,-4.3,32,80,0,0,-0.9
20190323,-0.9,5.1,-6.9,32,71,0,0,3.6
20190324,3.6,9.4,-2.2,35,42,0,0,-0.6
20190325,-0.6,3.8,-5,1,41,0,0,0.2
20190326,0.2,4.6,-4.2,33,35,0,0,1.9
20190327,1.9,7.9,-4.1,34,32,0,0,5.3
20190328,5.3,12.5,-2,21,48,0.4,0,7.5
20190329,7.5,12,3,30,35,0,0,2.3
20190330,2.3,4.4,0.2,36,41,33.4,20,-0.9
20190331,-0.9,2.1,-3.9,29,59,1,12,-1.1
20190401,-1.1,3.3,-5.5,29,41,0,0,4.7
20190402,4.7,9.4,0,16,42,0,0,3.5
20190403,3.5,6.7,0.2,29,80,0.4,2,1.8
20190404,1.8,5.6,-2,34,32,0,0,2
20190405,2,4,-0.1,11,37,0,0,8.8
20190406,8.8,14,3.6,-99999,-99999,0,0,9.5
20190407,9.5,12.8,6.1,11,45,4,0,10.1
20190408,10.1,14.8,5.3,29,61,0,0,6.4
20190409,6.4,9.9,2.8,29,74,0,0,4.1
20190410,4.1,8.2,0,33,41,0,0,1.6
20190411,1.6,4.1,-0.9,10,45,0.8,0,9
20190412,9,13.9,4.1,9,46,1.8,0,9.7
20190413,9.7,16.4,3,26,67,0,0,2.8
20190414,2.8,4,1.6,9,46,27.8,0,4.9
20190415,4.9,8.8,1,30,67,1.2,0,3.4
20190416,3.4,8.6,-1.8,23,35,0.4,0,7.4
20190417,7.4,14.3,0.5,11,52,0.6,0,13.9
20190418,13.9,21.8,6,22,58,1.8,0,8.9
20190419,8.9,13.1,4.7,1,48,18.6,0,6.7
20190420,6.7,8.6,4.7,1,37,13,0,9.4
20190421,9.4,12.8,6,-99999,-99999,0,0,10.7
20190422,10.7,16,5.4,-99999,-99999,0,0,10.4
20190423,10.4,14.8,6,28,63,2.2,0,8.7
20190424,8.7,13.5,3.9,30,54,0,0,7.6
20190425,7.6,12.9,2.2,-99999,-99999,0.8,0,8.1
20190426,8.1,13,3.1,30,74,18,0,4.5
20190427,4.5,8,1,30,72,0,0,6.1
20190428,6.1,10.5,1.7,32,54,0,0,3.2
20190429,3.2,7,-0.6,11,48,0.8,2,6.4
20190430,6.4,9.7,3,1,33,1.2,0,6.7
20190501,6.7,8.4,4.9,9,54,14.6,0,7.5
20190502,7.5,10.3,4.7,-99999,-99999,1.8,0,8.8
20190503,8.8,11.9,5.7,-99999,-99999,13.4,0,9.6
20190504,9.6,12.7,6.5,-99999,-99999,0.2,0,10.8
20190505,10.8,16.7,4.9,-99999,-99999,0,0,15.2
20190506,15.2,23.4,6.9,21,52,0,0,9.7
20190507,9.7,14.7,4.7,25,59,2.6,0,7.2
20190508,7.2,11.6,2.8,13,54,0,0,12
20190509,12,16,8,11,67,6.2,0,9.9
20190510,9.9,16.8,2.9,26,50,7.4,0,6.9
20190511,6.9,12.7,1.1,15,41,0,0,7.1
20190512,7.1,9.6,4.6,7,65,5.4,0,-99999
20190513,-99999,-99999,-99999,8,52,7.6,0,11
20190514,11,15.6,6.3,33,35,0.4,0,12.6
20190515,12.6,20.1,5.1,3,41,0.8,0,11
20190516,11,14.6,7.4,15,39,0,0,13.6
20190517,13.6,18.6,8.6,5,39,0,0,10.9
20190518,10.9,15.7,6,8,37,0,0,15.4
20190519,15.4,21.6,9.1,28,50,2,0,11.9
20190520,11.9,18.3,5.5,28,59,0,0,11.6
20190521,11.6,18.5,4.7,32,45,0,0,11.3
20190522,11.3,15.2,7.3,8,52,0.6,0,17.2
20190523,17.2,26.6,7.8,26,80,0.8,0,16.6
20190524,16.6,21.4,11.8,30,42,0,0,15.5
20190525,15.5,20.1,10.8,32,52,28,0,17.8
20190526,17.8,23.1,12.4,5,33,0,0,16.7
20190527,16.7,23.1,10.2,7,39,0.6,0,11.3
20190528,11.3,13,9.5,9,68,4.6,0,13.1
20190529,13.1,15.7,10.5,7,35,0.6,0,16.3
20190530,16.3,21.8,10.8,20,41,0,0,13.8
20190531,13.8,18.2,9.3,16,35,0,0,16
20190601,16,20.6,11.3,29,41,1,0,14
20190602,14,20.3,7.6,32,63,3,0,11.6
20190603,11.6,16.8,6.3,29,54,0,0,12.2
20190604,12.2,17.9,6.4,15,35,0,0,14.6
20190605,14.6,17.6,11.5,8,33,11.2,0,18.7
20190606,18.7,22.8,14.5,15,41,0,0,19
20190607,19,26,12,5,39,0,0,18.4
20190608,18.4,23.8,13,8,54,0,0,19.7
20190609,19.7,26.2,13.2,9,45,0,0,15.7
20190610,15.7,19,12.4,28,58,14.8,0,16.5
20190611,16.5,22.6,10.3,30,50,0,0,16
20190612,16,21.9,10,16,45,0,0,14.6
20190613,14.6,16.6,12.6,29,41,22.8,0,16.8
20190614,16.8,22.8,10.8,27,59,0.2,0,17.2
20190615,17.2,20.5,13.9,20,58,0.4,0,15.5
20190616,15.5,20.1,10.8,16,37,0,0,17.8
20190617,17.8,22.2,13.3,16,39,0,0,20.3
20190618,20.3,24.4,16.1,16,35,0,0,20.8
20190619,20.8,25.3,16.3,15,33,0,0,18.9
20190620,18.9,21.7,16,4,37,26,0,18.8
20190621,18.8,23,14.5,3,41,0,0,18.6
20190622,18.6,24.3,12.9,4,39,0,0,19.3
20190623,19.3,25.7,12.9,16,45,0,0,20.3
20190624,20.3,25.9,14.6,9,39,16,0,21.3
20190625,21.3,25.4,17.2,28,50,0,0,23.7
20190626,23.7,29.1,18.3,29,48,1.2,0,23
20190627,23,29.1,16.8,16,45,0,0,23.4
20190628,23.4,29.6,17.2,31,61,12,0,23.4
20190629,23.4,29.1,17.7,32,45,0,0,19.7
20190630,19.7,23.6,15.7,33,45,0,0,20.8
20190701,20.8,27.3,14.3,15,41,0,0,23.3
20190702,23.3,26.4,20.2,-99999,-99999,0.6,0,23.9
20190703,23.9,28.9,18.8,15,39,0,0,23.7
20190704,23.7,29.3,18.1,9,39,0,0,26.1
20190705,26.1,31,21.2,15,45,1.6,0,26.5
20190706,26.5,31,21.9,6,46,0,0,20.1
20190707,20.1,23.6,16.5,9,45,0,0,20.2
20190708,20.2,25.3,15,16,41,0,0,21.4
20190709,21.4,26.9,15.8,16,37,0,0,22.3
20190710,22.3,29.3,15.3,17,39,0.4,0,23.8
20190711,23.8,31,16.5,30,45,1.6,0,20.5
20190712,20.5,24.4,16.6,33,33,0,0,23.3
20190713,23.3,31.2,15.4,32,50,6.2,0,22.1
20190714,22.1,27.2,16.9,33,37,0,0,21.2
20190715,21.2,26.9,15.4,16,41,0,0,25.2
20190716,25.2,31.8,18.6,27,59,3.6,0,25.1
20190717,25.1,28.3,21.8,18,39,67,0,25.2
20190718,25.2,29,21.4,15,41,0,0,26.5
20190719,26.5,30.7,22.3,19,41,0.2,0,27.6
20190720,27.6,33,22.2,28,71,4.6,0,24.7
20190721,24.7,29.1,20.2,5,37,0,0,20.7
20190722,20.7,23.8,17.5,15,39,5.2,0,20.6
20190723,20.6,25.9,15.3,5,37,0,0,21
20190724,21,26.2,15.7,5,37,0,0,22.5
20190725,22.5,28.6,16.3,33,41,1.2,0,23.3
20190726,23.3,29.2,17.3,15,54,0,0,24.3
20190727,24.3,30.1,18.5,19,58,0.8,0,26.4
20190728,26.4,30.9,21.8,19,39,0,0,26.4
20190729,26.4,31.9,20.9,19,59,0,0,24.4
20190730,24.4,29.3,19.5,30,37,11.2,0,21.8
20190731,21.8,27.2,16.3,5,33,0,0,20.8
20190801,20.8,26,15.6,9,39,0,0,21.5
20190802,21.5,27.1,15.8,16,39,0,0,22.8
20190803,22.8,28.9,16.7,16,41,0,0,22.3
20190804,22.3,25.7,18.9,16,41,0,0,22.3
20190805,22.3,28.8,15.8,16,46,0,0,24
20190806,24,27.9,20.1,31,55,3.6,0,22.6
20190807,22.6,27.9,17.2,16,39,0,0,21.8
20190808,21.8,27,16.5,28,58,2,0,20.1
20190809,20.1,25.9,14.3,30,59,0,0,19.9
20190810,19.9,25.6,14.1,32,52,0,0,21.6
20190811,21.6,28.9,14.2,20,35,0,0,24.3
20190812,24.3,29.5,19.1,20,45,3.2,0,23.5
20190813,23.5,28.1,18.8,16,37,0,0,21.2
20190814,21.2,25.9,16.5,16,39,0,0,19.6
20190815,19.6,23.8,15.3,8,41,1.4,0,20.8
20190816,20.8,25.6,16,15,41,0,0,23.2
20190817,23.2,28.3,18.1,8,50,15.8,0,22.9
20190818,22.9,27.2,18.5,28,50,6.6,0,22.9
20190819,22.9,27.7,18,29,41,0,0,22.2
20190820,22.2,27.4,17,16,41,2.2,0,24.9
20190821,24.9,30.4,19.4,16,42,0.6,0,20.1
20190822,20.1,24.6,15.6,32,42,0,0,18.8
20190823,18.8,23.6,13.9,4,41,0,0,17.3
20190824,17.3,22.3,12.2,5,50,0,0,18.9
20190825,18.9,23.6,14.2,9,45,0,0,20.2
20190826,20.2,24.1,16.2,9,52,0,0,20
20190827,20,21.9,18.1,16,52,9.2,0,21.9
20190828,21.9,27.1,16.6,21,42,0,0,20.3
20190829,20.3,25.5,15.1,19,52,0,0,19.9
20190830,19.9,24.8,15,29,58,0,0,17.8
20190831,17.8,23.1,12.5,15,37,0,0,17.5
20190901,17.5,19.8,15.1,9,33,0.8,0,20.3
20190902,20.3,24.7,15.9,29,35,0.6,0,18.2
20190903,18.2,22.9,13.5,20,46,7.2,0,16.9
20190904,16.9,21.1,12.6,28,55,0,0,16.3
20190905,16.3,22.2,10.4,16,39,0,0,16.8
20190906,16.8,21.1,12.4,8,41,1.2,0,16.9
20190907,16.9,23.3,10.5,33,45,0,0,13.8
20190908,13.8,18.1,9.4,5,39,0,0,13.8
20190909,13.8,19,8.6,16,42,0,0,17.6
20190910,17.6,23.5,11.7,15,39,18.2,0,23.2
20190911,23.2,28.9,17.5,5,32,1,0,16.6
20190912,16.6,19.8,13.3,9,45,0.8,0,17.7
20190913,17.7,22.1,13.2,19,55,5.6,0,18
20190914,18,22.6,13.4,28,52,0,0,14.6
20190915,14.6,17.5,11.7,16,-99999,4.4,0,15.6
20190916,15.6,18.5,12.7,8,37,0.2,0,16.9
20190917,16.9,22.9,10.9,15,37,0,0,17.6
20190918,17.6,22.6,12.5,15,37,0,0,19.3
20190919,19.3,23.4,15.1,16,41,0,0,18.7
20190920,18.7,24.9,12.4,15,39,0,0,21.8
20190921,21.8,26.9,16.7,17,41,0,0,26.1
20190922,26.1,31.3,20.8,20,59,0,0,20.1
20190923,20.1,25.2,14.9,30,52,0.2,0,17.2
20190924,17.2,21.9,12.4,33,39,0,0,19.7
20190925,19.7,27.2,12.2,19,68,0,0,16.9
20190926,16.9,22.8,11,28,58,3.2,0,15.8
20190927,15.8,22.7,8.9,16,58,0,0,16.4
20190928,16.4,20.7,12,33,35,3,0,11.8
20190929,11.8,14.2,9.3,7,52,0,0,14.9
20190930,14.9,17.9,11.9,9,42,0,0,23.1
20191001,23.1,31.8,14.4,30,55,12,0,14.3
20191002,14.3,19.4,9.1,7,50,10.2,0,10.2
20191003,10.2,12,8.4,8,50,2.8,0,8
20191004,8,11.5,4.4,4,41,0,0,8.8
20191005,8.8,13.2,4.4,8,54,0,0,16.6
20191006,16.6,20.9,12.2,19,46,1.8,0,12.7
20191007,12.7,17.9,7.4,28,39,0,0,12.3
20191008,12.3,17.6,7,15,39,0,0,11.1
20191009,11.1,17.5,4.7,8,42,0,0,12
20191010,12,16.8,7.1,7,50,0,0,13.9
20191011,13.9,19.5,8.3,9,46,0,0,10
20191012,10,15.6,4.3,27,42,4.2,0,10.7
20191013,10.7,16.8,4.6,16,59,0,0,8.6
20191014,8.6,12.4,4.7,29,45,0,0,8.6
20191015,8.6,14.5,2.6,16,45,0,0,10
20191016,10,13.7,6.3,20,42,18.2,0,7.7
20191017,7.7,8.7,6.6,33,68,0,0,7.3
20191018,7.3,11.6,3,33,45,0,0,6.6
20191019,6.6,11.8,1.3,16,37,0,0,10.6
20191020,10.6,16.3,4.8,16,32,0,0,10.6
20191021,10.6,15.8,5.4,8,61,1.4,0,12.9
20191022,12.9,17.3,8.5,16,58,10.6,0,10.4
20191023,10.4,13.9,6.8,23,54,0,0,9.1
20191024,9.1,14.4,3.8,18,42,0.6,0,7.9
20191025,7.9,11.7,4.1,16,35,0,0,5.8
20191026,5.8,10.3,1.2,8,50,9.2,0,10.2
20191027,10.2,13.3,7.1,27,67,25.8,0,10.4
20191028,10.4,16.2,4.6,16,39,0,0,11.2
20191029,11.2,17.2,5.2,21,32,0,0,7.7
20191030,7.7,9.2,6.2,5,37,20.6,0,7.3
20191031,7.3,10.6,4,18,89,18.8,0,3.3
20191101,3.3,5,1.6,27,84,0,0,4
20191102,4,7.2,0.8,18,52,0.4,0,3.6
20191103,3.6,6.5,0.6,28,48,0,0,7.3
20191104,7.3,12.3,2.3,20,61,1,0,4.5
20191105,4.5,9.2,-0.2,28,52,0,0,1.4
20191106,1.4,5.2,-2.5,28,42,0.6,4,-0.2
20191107,-0.2,2.6,-3,33,32,3.6,20,-2.6
20191108,-2.6,0.6,-5.8,5,-99999,0,0,-0.4
20191109,-0.4,3.3,-4.1,20,50,0,0,3.1
20191110,3.1,7.4,-1.2,27,45,0.6,2,-3.9
20191111,-3.9,-1,-6.8,7,45,12.2,136,-7.6
20191112,-7.6,-4.7,-10.4,33,45,0.2,2,-7.8
20191113,-7.8,-1.7,-13.9,16,35,1.8,20,-1
20191114,-1,0.5,-2.5,20,41,0.4,4,-1.6
20191115,-1.6,3,-6.2,24,46,0,0,-6.8
20191116,-6.8,-3.4,-10.1,7,42,0,0,-2.3
20191117,-2.3,2.2,-6.8,7,33,0,0,0.5
20191118,0.5,2.4,-1.5,8,32,9.2,4,2.3
20191119,2.3,3.6,1,-99999,-99999,0.2,0,3.7
20191120,3.7,8.6,-1.3,-99999,-99999,0,0,4.8
20191121,4.8,10.6,-1,19,46,4.2,0,3.9
20191122,3.9,10.4,-2.6,27,65,0,0,1.8
20191123,1.8,6.1,-2.6,21,45,0,0,1.7
20191124,1.7,6.6,-3.2,20,35,0,0,4.8
20191125,4.8,8.1,1.4,18,32,0,0,6.4
20191126,6.4,10.9,1.9,9,39,0,0,7.1
20191127,7.1,10,4.2,9,65,6.4,0,1.5
20191128,1.5,6,-3,32,65,0,0,-2.1
20191129,-2.1,-0.6,-3.6,-99999,-99999,0,0,-2.7
20191130,-2.7,-1.2,-4.2,9,48,0,0,-2.5
20191201,-2.5,-0.7,-4.2,7,74,11.4,30,-4
20191202,-4,-0.8,-7.2,4,41,6.2,94,-4.3
20191203,-4.3,1.1,-9.6,18,-99999,0.6,6,1.3
20191204,1.3,2.8,-0.3,31,45,0,0,-0.9
20191205,-0.9,0.8,-2.5,31,59,0.4,4,-2.9
20191206,-2.9,0.2,-5.9,32,33,5.4,54,-4.3
20191207,-4.3,-1.1,-7.5,31,32,0,0,1.7
20191208,1.7,6.6,-3.2,18,48,0,0,7.6
20191209,7.6,10.2,4.9,20,41,6,0,1.5
20191210,1.5,10.1,-7.1,29,65,0.6,0,-5.7
20191211,-5.7,-2.6,-8.7,28,71,0,0,-5
20191212,-5,-0.2,-9.7,16,37,0,0,2.3
20191213,2.3,5.7,-1.1,16,41,0,0,1.6
20191214,1.6,2.7,0.4,28,52,20.2,26,-2.6
20191215,-2.6,1.6,-6.7,30,63,0,0,-2.3
20191216,-2.3,1.4,-6,-99999,-99999,0,0,-1.2
20191217,-1.2,1.8,-4.2,32,33,0,0,-9.1
20191218,-9.1,-2.8,-15.4,29,50,0.8,8,-11.4
20191219,-11.4,-6,-16.7,-99999,-99999,1.6,50,-7.4
20191220,-7.4,-3.9,-10.8,-99999,-99999,0,0,-3
20191221,-3,1.9,-7.8,16,33,0,0,3.1
20191222,3.1,7.2,-1.1,17,35,0,0,4.5
20191223,4.5,9.2,-0.3,31,39,0,0,-1.4
20191224,-1.4,1.1,-3.9,9,42,0,0,0.6
20191225,0.6,2.8,-1.6,9,-99999,0,0,2.4
20191226,2.4,3.7,1,8,42,0,0,6.9
20191227,6.9,11.1,2.6,28,48,0,0,3
20191228,3,4.8,1.1,30,32,0.2,0,1.1
20191229,1.1,2,0.1,8,55,7.8,0,5.6
20191230,5.6,10.2,1,9,80,8,0,0.4
20191231,0.4,2.3,-1.5,27,54,2,20,-1.7
20200101,-1.7,-0.2,-3.2,28,42,0,0,3
20200102,3,6.4,-0.5,19,46,0,0,4.6
20200103,4.6,6.8,2.3,27,35,0,0,0.9
20200104,0.9,2.5,-0.7,31,45,1.6,24,-0.8
20200105,-0.8,1.3,-2.8,32,45,3.6,36,-1.7
20200106,-1.7,1.8,-5.2,30,61,0,0,-0.8
20200107,-0.8,4,-5.5,19,39,0,0,-5.1
20200108,-5.1,-0.7,-9.4,28,65,2,20,-4.9
20200109,-4.9,2,-11.7,16,48,0.2,2,4.5
20200110,4.5,7.5,1.4,21,58,1.8,0,6.8
20200111,6.8,11.9,1.7,34,42,59,0,-2.3
20200112,-2.3,1.7,-6.2,31,58,17.6,10,-1.7
20200113,-1.7,1.7,-5,8,39,0.4,4,1.4
20200114,1.4,2.9,-0.2,9,46,0,0,2.6
20200115,2.6,4.3,0.8,31,45,0,0,-5
20200116,-5,1.7,-11.7,32,55,0.2,2,-11.5
20200117,-11.5,-8,-14.9,8,-99999,0,0,-2.8
20200118,-2.8,2.5,-8.1,9,52,14.4,172,-5.6
20200119,-5.6,0.4,-11.6,25,46,1.6,24,-10.4
